image,sensor_start_row,pairing
00416648-be6e-4bd4-bc8d-82f43f8a7240___GCREC_Bact.Sp 3110.JPG,230,demo-random-seed42
0045ba29-ed1b-43b4-afde-719cc7adefdb___GCREC_Bact.Sp 6254.JPG,2002,demo-random-seed42
00639d29-2d1a-4fcf-9bd3-a2b3109c74c4___UF.GRC_BS_Lab Leaf 1054.JPG,1694,demo-random-seed42
00728f4d-83a0-49f1-87f8-374646fcda05___GCREC_Bact.Sp 6326.JPG,1135,demo-random-seed42
00a7c269-3476-4d25-b744-44d6353cd921___GCREC_Bact.Sp 5807.JPG,1120,demo-random-seed42
00b7e89a-e129-4576-b51f-48923888bff9___GCREC_Bact.Sp 6202.JPG,2222,demo-random-seed42
01375198-62af-4c40-bddf-f3c11107200b___GCREC_Bact.Sp 5914.JPG,222,demo-random-seed42
01a3cf3f-94c1-44d5-8972-8c509d62558e___GCREC_Bact.Sp 3396.JPG,1804,demo-random-seed42
01a46cb5-d354-4f59-868e-e56186701541___GCREC_Bact.Sp 5638.JPG,521,demo-random-seed42
01e079ba-939a-4681-8983-db663f4a859b___GCREC_Bact.Sp 3029.JPG,243,demo-random-seed42
01f13167-f508-4ef2-8720-4e973438f8fc___GCREC_Bact.Sp 5892.JPG,1362,demo-random-seed42
02626a44-a613-4402-a6b0-243858736e32___GCREC_Bact.Sp 3191.JPG,2524,demo-random-seed42
02a0f70a-9e27-420e-93ff-6ed8105f41c1___GCREC_Bact.Sp 3570.JPG,1904,demo-random-seed42
02dfe58f-0ad1-4bf6-838a-e145978b1eed___GCREC_Bact.Sp 5841.JPG,1969,demo-random-seed42
02fd4e60-db82-441c-87f6-08de768a4462___GCREC_Bact.Sp 5547.JPG,1856,demo-random-seed42
030501db-683b-4ed5-9ec0-c475a5dfdd76___GCREC_Bact.Sp 5650.JPG,2034,demo-random-seed42
034caf25-29c3-4be2-a725-d2866ce6f548___GCREC_Bact.Sp 3575.JPG,1328,demo-random-seed42
03707c27-7f95-4f19-a173-1c0c74653fdf___GCREC_Bact.Sp 3046.JPG,331,demo-random-seed42
03aa14e9-9ee4-4ba2-819d-effb3d1ba398___GCREC_Bact.Sp 5801.JPG,2173,demo-random-seed42
03af6874-872f-41e1-bce4-b3022bd7a9e6___GCREC_Bact.Sp 2995.JPG,1165,demo-random-seed42
03c8e0d0-6c57-4207-ad44-4d017c3e7943___GCREC_Bact.Sp 6325.JPG,1294,demo-random-seed42
03e6cea1-1c09-420a-a22e-2c29844004d1___GCREC_Bact.Sp 3076.JPG,959,demo-random-seed42
04210e47-ad95-4648-8f1e-dc183581157c___UF.GRC_BS_Lab Leaf 0320.JPG,472,demo-random-seed42
045e9a8d-bed0-4700-8d27-7f8d0735223e___GCREC_Bact.Sp 3848.JPG,2398,demo-random-seed42
0493c0e5-27e3-41d6-81f0-7830cef39080___UF.GRC_BS_Lab Leaf 8615.JPG,2022,demo-random-seed42
04da1f61-623b-4878-86ed-3ea24723b515___GCREC_Bact.Sp 5700.JPG,1666,demo-random-seed42
04ee9562-c932-46ef-8e31-da20d4e2e740___GCREC_Bact.Sp 6121.JPG,1041,demo-random-seed42
04fcd6e4-a96e-49ba-b67a-32b88337b505___GCREC_Bact.Sp 3689.JPG,2129,demo-random-seed42
0524de69-51ec-4794-a955-04a8e0c5656c___GCREC_Bact.Sp 3695.JPG,1411,demo-random-seed42
0542f446-f9d7-4173-ab07-f41125b21dc7___GCREC_Bact.Sp 3074.JPG,1147,demo-random-seed42
05530c50-5cb9-484f-91d0-82c9df7689d5___GCREC_Bact.Sp 6051.JPG,1165,demo-random-seed42
05777829-6912-44bb-bcef-901bc5190584___GCREC_Bact.Sp 6150.JPG,588,demo-random-seed42
05796aef-4298-48b1-ac04-e3ba020cb8b8___GCREC_Bact.Sp 3650.JPG,238,demo-random-seed42
05fc994d-7781-4dc5-a15c-b359f6c681a6___GCREC_Bact.Sp 6304.JPG,1435,demo-random-seed42
062e43fa-d640-4e2a-b57f-6d819632235f___UF.GRC_BS_Lab Leaf 8853.JPG,2297,demo-random-seed42
06ac210d-bdb1-4224-9053-c218cb14fa60___GCREC_Bact.Sp 3220.JPG,165,demo-random-seed42
06c56818-dc01-4603-b93c-1be193f95178___GCREC_Bact.Sp 5831.JPG,2221,demo-random-seed42
06d98f32-c416-4a79-81df-8e64f8bb7779___GCREC_Bact.Sp 3083.JPG,2141,demo-random-seed42
06d99389-13fd-4fd1-8734-eb82ea657ce3___UF.GRC_BS_Lab Leaf 8896.JPG,716,demo-random-seed42
06f23987-e01b-40dc-98ef-a5b33e86bc90___UF.GRC_BS_Lab Leaf 0308.JPG,1634,demo-random-seed42
070228e2-ba4e-4de8-813b-074e51ed6f5a___UF.GRC_BS_Lab Leaf 0661.JPG,427,demo-random-seed42
07238109-52ed-4369-b16c-6f5844858b81___UF.GRC_BS_Lab Leaf 0447.JPG,1961,demo-random-seed42
072f9c7d-c296-49d9-a432-6ec9448cab2a___GCREC_Bact.Sp 3558.JPG,1812,demo-random-seed42
0740bf94-09c3-4718-8375-6ceed7db97a3___GCREC_Bact.Sp 3628.JPG,917,demo-random-seed42
07458546-6893-49c8-b94f-edde706b19fa___GCREC_Bact.Sp 3835.JPG,175,demo-random-seed42
0756753c-decb-4344-892f-4677b8215f0f___GCREC_Bact.Sp 5778.JPG,2512,demo-random-seed42
076ef17d-dfd3-4dbc-a351-a14eff1aecdb___UF.GRC_BS_Lab Leaf 8980.JPG,1153,demo-random-seed42
07957e12-d57c-45db-9243-731dd6b8caaa___GCREC_Bact.Sp 5878.JPG,2311,demo-random-seed42
07de82e1-7258-4c8d-a595-cb2334f02fb4___UF.GRC_BS_Lab Leaf 0418.JPG,1754,demo-random-seed42
083959e5-833b-4c10-9215-0b0aca81c8ca___UF.GRC_BS_Lab Leaf 0297.JPG,2014,demo-random-seed42
086880d1-73c4-40d3-99ea-d446c2299692___GCREC_Bact.Sp 3333.JPG,1966,demo-random-seed42
087cec29-0b94-4fd0-9c29-92f50cc8155f___UF.GRC_BS_Lab Leaf 0289.JPG,503,demo-random-seed42
088a515b-7dd2-469a-b921-6a7de9edb7db___GCREC_Bact.Sp 3365.JPG,941,demo-random-seed42
0893cbc5-7c6f-4ed2-863a-78f0bdb31ba0___GCREC_Bact.Sp 6174.JPG,1207,demo-random-seed42
08a25478-76ed-4e4c-8ad0-bc7322f050b0___GCREC_Bact.Sp 3028.JPG,1288,demo-random-seed42
08b479e4-0063-41e5-b85d-279b9aedd38f___UF.GRC_BS_Lab Leaf 0485.JPG,113,demo-random-seed42
090e981e-4e75-48db-806d-c28c970f3c9a___UF.GRC_BS_Lab Leaf 9256.JPG,1414,demo-random-seed42
09442ca2-e279-4937-8ba0-faa85901f199___GCREC_Bact.Sp 5643.JPG,399,demo-random-seed42
095f2dd4-7e65-44ab-a867-c5d9634ec532___GCREC_Bact.Sp 3801.JPG,1923,demo-random-seed42
096c159e-7f45-404c-ba64-eecc7941ce23___GCREC_Bact.Sp 5675.JPG,1767,demo-random-seed42
098b62a4-f92b-4c0d-9ab9-a6061a9d1625___GCREC_Bact.Sp 2955.JPG,2387,demo-random-seed42
09ebe433-a21f-4ffe-9954-e3ce4347143f___UF.GRC_BS_Lab Leaf 1084.JPG,1927,demo-random-seed42
0a1655ed-797c-4d1d-ba35-dc255d68a2ee___GCREC_Bact.Sp 3560.JPG,948,demo-random-seed42
0a22f50a-5f25-4cf6-816b-76cae94b7f30___GCREC_Bact.Sp 6103.JPG,2503,demo-random-seed42
0a64655c-4052-4e5f-a696-2a6cf25d10c9___GCREC_Bact.Sp 6017.JPG,1063,demo-random-seed42
0aa1c431-682b-4a6e-af5f-2a7081ea2e97___GCREC_Bact.Sp 3622.JPG,843,demo-random-seed42
0ab41c2e-c6fc-4ef1-9ffb-ce1b241d32be___GCREC_Bact.Sp 3426.JPG,2343,demo-random-seed42
0ab9c705-f29e-45ac-b786-9549b3c38f16___GCREC_Bact.Sp 3223.JPG,958,demo-random-seed42
0ac8c80f-6d67-46ee-b662-8265d9df9183___GCREC_Bact.Sp 6115.JPG,197,demo-random-seed42
0ad66523-0fca-464d-a6e9-ca2d629e8058___GCREC_Bact.Sp 5945.JPG,1215,demo-random-seed42
0b13b997-9957-4029-b2a4-ef4a046eb088___UF.GRC_BS_Lab Leaf 0595.JPG,2059,demo-random-seed42
0b233197-cd35-4031-80c2-610e7e3a046b___GCREC_Bact.Sp 6095.JPG,490,demo-random-seed42
0b37769a-a451-4507-a236-f46348e3a9ac___GCREC_Bact.Sp 3265.JPG,1198,demo-random-seed42
0bd31a6a-b084-48c0-b379-3062bde11162___GCREC_Bact.Sp 2974.JPG,336,demo-random-seed42
0c09c121-e945-4b7e-acbf-dff4e0d01acb___GCREC_Bact.Sp 3379.JPG,1776,demo-random-seed42
0c2ee2f1-e725-4031-96ea-57e3b8b626b3___GCREC_Bact.Sp 5645.JPG,1231,demo-random-seed42
0c883752-3334-4615-841d-287d58ecf60d___GCREC_Bact.Sp 6119.JPG,854,demo-random-seed42
0cc3364e-3f2a-42b2-aefe-5af03dad2966___GCREC_Bact.Sp 5580.JPG,587,demo-random-seed42
0ce4dee0-2d0c-4c25-a9b2-4abc5f9083db___GCREC_Bact.Sp 3708.JPG,1460,demo-random-seed42
0d227915-443b-402c-8a25-cc43434c4bb0___GCREC_Bact.Sp 5913.JPG,1733,demo-random-seed42
0d56df83-84fb-4189-a5d2-3a6da18a224d___UF.GRC_BS_Lab Leaf 9029.JPG,2433,demo-random-seed42
0d922399-7ba5-4d12-b84e-bb4b966c58ae___GCREC_Bact.Sp 6307.JPG,1131,demo-random-seed42
0da838ea-fd8c-43c0-a437-4aba96234262___UF.GRC_BS_Lab Leaf 8770.JPG,415,demo-random-seed42
0de30b71-8bd0-4270-a65b-7ae8befdd765___GCREC_Bact.Sp 6360.JPG,2154,demo-random-seed42
0e16b13c-0308-4199-a823-c6c2ab944023___GCREC_Bact.Sp 3068.JPG,1629,demo-random-seed42
0e3ded7b-0b9e-4c11-9db7-38eba7e0bdb2___GCREC_Bact.Sp 3598.JPG,1812,demo-random-seed42
0e94696b-3e0d-4d4c-a712-01197e228cf1___UF.GRC_BS_Lab Leaf 8641.JPG,251,demo-random-seed42
0ed6d8f5-dd9f-4f1d-a33d-2f556be12a27___UF.GRC_BS_Lab Leaf 0291.JPG,808,demo-random-seed42
0eeb4776-110d-4100-8c88-26a64eb05b22___GCREC_Bact.Sp 6101.JPG,1987,demo-random-seed42
0f4ce5ef-5ecf-4c5d-b301-3b5a44e3a1c8___UF.GRC_BS_Lab Leaf 0408.JPG,2153,demo-random-seed42
0f6384da-7338-4309-b6b2-0d4b1dfe9de3___GCREC_Bact.Sp 6039.JPG,1126,demo-random-seed42
0f80595f-b712-4028-b7db-7627322ce019___GCREC_Bact.Sp 5712.JPG,2082,demo-random-seed42
0f81cc91-5b9b-4061-a127-74105ebbcccf___GCREC_Bact.Sp 6305.JPG,2178,demo-random-seed42
0f952ca0-e30b-4075-8bb9-1ebccb8aeb9f___GCREC_Bact.Sp 3326.JPG,1002,demo-random-seed42
0fac0401-b9dc-49a0-9011-2cd3eb906107___GCREC_Bact.Sp 3144.JPG,2324,demo-random-seed42
0ff228a7-60f4-47f0-b1a3-96969a63105f___GCREC_Bact.Sp 6056.JPG,746,demo-random-seed42
10eddc16-1127-4de1-832e-6ae55cc0f953___GCREC_Bact.Sp 6180.JPG,619,demo-random-seed42
10f0b483-25a2-4c13-9054-754e9fe08d18___GCREC_Bact.Sp 3812.JPG,1766,demo-random-seed42
1120ddb9-d30f-4683-adf6-a30779648b49___GCREC_Bact.Sp 3408.JPG,1647,demo-random-seed42
113b3262-b784-450e-8fe7-6f35652f073d___GCREC_Bact.Sp 3153.JPG,361,demo-random-seed42
1169b92d-a606-4560-ae1a-ceee401fc959___GCREC_Bact.Sp 3447.JPG,2155,demo-random-seed42
116f4d08-405e-492c-a8b2-dd596b19b820___GCREC_Bact.Sp 3053.JPG,517,demo-random-seed42
11fab8c8-08bb-476a-956b-cbf38b368643___UF.GRC_BS_Lab Leaf 8737.JPG,2083,demo-random-seed42
11fedfbc-52be-4032-b884-3b2071db6590___GCREC_Bact.Sp 3060.JPG,19,demo-random-seed42
12071472-8b0f-494e-994e-8abff2082ec4___GCREC_Bact.Sp 6130.JPG,2062,demo-random-seed42
12159ce5-93ff-4ef3-b1ca-0bf130278818___GCREC_Bact.Sp 3565.JPG,2036,demo-random-seed42
12168e10-ea77-4d6b-841e-bfe48e141cee___GCREC_Bact.Sp 6085.JPG,2019,demo-random-seed42
122e4db5-bfc6-44b2-b7c5-bf05d040ca79___GCREC_Bact.Sp 5782.JPG,1720,demo-random-seed42
12440deb-4c37-42ed-a6ea-dcb018b52620___GCREC_Bact.Sp 3436.JPG,1220,demo-random-seed42
129f7d8d-d261-4aa6-b6ef-55a37851ac3e___UF.GRC_BS_Lab Leaf 0380.JPG,1824,demo-random-seed42
12cb9794-7459-488f-820e-f86a3d6b8a3a___GCREC_Bact.Sp 3119.JPG,717,demo-random-seed42
12e9560a-01a5-4d97-a911-409c11cd0301___GCREC_Bact.Sp 3117.JPG,2020,demo-random-seed42
12eda6e1-d42f-4e52-b04f-ff4f4d932783___GCREC_Bact.Sp 6275.JPG,1438,demo-random-seed42
132e8a85-470e-4a7d-8535-c97ffcff7b0b___GCREC_Bact.Sp 3239.JPG,1187,demo-random-seed42
1347d766-5747-4d71-b05f-0211e79930b4___GCREC_Bact.Sp 6227.JPG,1308,demo-random-seed42
1371d8ed-b95f-4dd0-834c-9f3a944ca8dd___GCREC_Bact.Sp 3463.JPG,1471,demo-random-seed42
137ffef0-7f3d-4610-82f5-f59f9826b926___UF.GRC_BS_Lab Leaf 9109.JPG,96,demo-random-seed42
13a0b443-c0b3-45fe-a22d-965a87a9b45e___GCREC_Bact.Sp 3108.JPG,361,demo-random-seed42
13affc42-3a89-4a99-97aa-98f41682a71e___UF.GRC_BS_Lab Leaf 0546.JPG,635,demo-random-seed42
13b8bbd3-32cf-4c69-bffb-870b7b6720e0___UF.GRC_BS_Lab Leaf 8890.JPG,296,demo-random-seed42
13bd3ff5-3ecf-4258-9f89-5892ebfa362f___GCREC_Bact.Sp 3080.JPG,1137,demo-random-seed42
13cc9108-fcd9-4e6f-aed4-01813cebc881___UF.GRC_BS_Lab Leaf 8611.JPG,1729,demo-random-seed42
13fac2e9-a25f-4ac1-89c4-adbd143bb0a1___GCREC_Bact.Sp 3376.JPG,1693,demo-random-seed42
1406a6e5-8aab-44df-997a-6386c01dc086___GCREC_Bact.Sp 5974.JPG,1219,demo-random-seed42
140ee344-ae36-403a-ace1-21d45f67ce57___GCREC_Bact.Sp 2969.JPG,2212,demo-random-seed42
144352ee-0f8d-44cc-9db1-c4f27eb5a00a___GCREC_Bact.Sp 3284.JPG,1462,demo-random-seed42
14707115-d4c3-4e6b-9895-d1613116fd3f___GCREC_Bact.Sp 3490.JPG,204,demo-random-seed42
147fdb22-0a8b-46d7-8573-784d29b9d9cc___GCREC_Bact.Sp 6386.JPG,1979,demo-random-seed42
149fd0ef-ec5a-4a34-aa8f-8ed381b7d77d___GCREC_Bact.Sp 3370.JPG,1487,demo-random-seed42
14d87e41-89b0-4872-aa2c-3a85de708d2a___UF.GRC_BS_Lab Leaf 8992.JPG,1642,demo-random-seed42
1506485f-0fba-4e0a-aecf-36f9c5bae096___GCREC_Bact.Sp 5543.JPG,1463,demo-random-seed42
151a2e55-b8d4-4c30-b494-4aa77a2f5695___GCREC_Bact.Sp 5941.JPG,1432,demo-random-seed42
1552a68d-efde-4536-b883-f6da947f5a33___GCREC_Bact.Sp 5583.JPG,234,demo-random-seed42
158e6da7-6371-4575-b2e2-a42be9b0beed___GCREC_Bact.Sp 3042.JPG,1447,demo-random-seed42
15a1998e-4b4d-446b-98e7-46ed98119495___UF.GRC_BS_Lab Leaf 0222.JPG,2057,demo-random-seed42
15dde11a-b359-46d2-abbd-c1f56a86a083___GCREC_Bact.Sp 5799.JPG,786,demo-random-seed42
160c389d-886b-433a-a18b-842c45b2f20c___GCREC_Bact.Sp 5743.JPG,1560,demo-random-seed42
16119e7a-b9d7-4004-9a07-45b6c9f6d480___UF.GRC_BS_Lab Leaf 9172.JPG,79,demo-random-seed42
162156e8-724a-48d9-8a19-904937f9dc03___GCREC_Bact.Sp 3472.JPG,899,demo-random-seed42
16467af5-6cd6-47c8-b3bc-405dc68a462d___GCREC_Bact.Sp 3258.JPG,1130,demo-random-seed42
1657e79d-9172-4170-aa17-56714f2ad03b___UF.GRC_BS_Lab Leaf 9145.JPG,2543,demo-random-seed42
1664fff5-8d2e-4615-a448-2dd093c0df82___GCREC_Bact.Sp 3290.JPG,555,demo-random-seed42
166a69a7-cae0-4e6e-ac75-bc207a5335f4___GCREC_Bact.Sp 5705.JPG,715,demo-random-seed42
16899432-0c58-4c00-a212-f24faed4d040___GCREC_Bact.Sp 2981.JPG,1057,demo-random-seed42
16912266-6a1b-426c-9e58-2f0ff1a4e35a___UF.GRC_BS_Lab Leaf 8673.JPG,2569,demo-random-seed42
16bbb84a-b078-4c74-8ab0-872ac7240052___UF.GRC_BS_Lab Leaf 8605.JPG,2208,demo-random-seed42
172458d3-8e11-4e75-9f39-d7e96e885108___GCREC_Bact.Sp 3071.JPG,89,demo-random-seed42
1737e7ba-181e-400c-ab66-7723468e277f___UF.GRC_BS_Lab Leaf 0348.JPG,605,demo-random-seed42
176ee70d-778e-4f49-a761-67271feff912___GCREC_Bact.Sp 5976.JPG,2126,demo-random-seed42
177b313d-c3e5-417f-b17b-d945ca4e48ea___GCREC_Bact.Sp 5687.JPG,150,demo-random-seed42
177b8ce1-d77a-41d7-93ac-852d37d69faa___GCREC_Bact.Sp 3390.JPG,2214,demo-random-seed42
17ee90d7-f733-4026-a83e-c5c87ad88e67___GCREC_Bact.Sp 5623.JPG,728,demo-random-seed42
180f9ef5-6709-4660-8444-617bf357106a___GCREC_Bact.Sp 5726.JPG,2374,demo-random-seed42
1838f883-5e4b-4b24-bf4b-77d4a82f5f46___GCREC_Bact.Sp 6335.JPG,759,demo-random-seed42
18a58445-cf57-41cd-93f8-ebb9d5f66118___GCREC_Bact.Sp 6200.JPG,1124,demo-random-seed42
18f0234d-3647-4769-a5a5-752ae8c55f28___UF.GRC_BS_Lab Leaf 8845.JPG,1713,demo-random-seed42
18f7004e-226b-42cc-bcaf-db9c47c5da65___UF.GRC_BS_Lab Leaf 9237.JPG,326,demo-random-seed42
18f8073d-e27b-4b3c-b6c3-0440adc8acfa___GCREC_Bact.Sp 6068.JPG,1441,demo-random-seed42
1917515d-7e2f-479c-afec-95b4d3ae07e8___GCREC_Bact.Sp 5607.JPG,1306,demo-random-seed42
195a20ea-ecf8-4611-ae53-ed76d8a522b7___GCREC_Bact.Sp 5791.JPG,2028,demo-random-seed42
196be0af-51c3-4587-bd91-9a606631d4f3___GCREC_Bact.Sp 3453.JPG,2577,demo-random-seed42
1975c2af-b85a-48d6-9b03-c7fcb5e0bcae___UF.GRC_BS_Lab Leaf 0558.JPG,1719,demo-random-seed42
19969ddc-0cdd-42f6-bbc4-351752a7ccec___GCREC_Bact.Sp 3428.JPG,1058,demo-random-seed42
19a19d0b-373f-497a-89bf-ea941ff5e12b___GCREC_Bact.Sp 3124.JPG,1051,demo-random-seed42
19e29a5d-897d-4ff0-8aab-8562d74b0eb8___GCREC_Bact.Sp 6031.JPG,1081,demo-random-seed42
1a017b74-a549-433b-979b-3e3ace67b50d___GCREC_Bact.Sp 5715.JPG,2106,demo-random-seed42
1a067cc9-cf70-41a5-a51c-aa0f6b8a936d___UF.GRC_BS_Lab Leaf 0327.JPG,831,demo-random-seed42
1a47b569-a868-4a45-ad81-eec12a9dae7a___GCREC_Bact.Sp 6148.JPG,432,demo-random-seed42
1a50d84b-c015-45ea-a041-500d5adcc339___UF.GRC_BS_Lab Leaf 8773.JPG,865,demo-random-seed42
1a570997-ffc2-4166-a436-8f6a7facd3fc___GCREC_Bact.Sp 3227.JPG,58,demo-random-seed42
1a83cb1d-6e47-4caf-931f-61ecad37dca4___GCREC_Bact.Sp 6167.JPG,274,demo-random-seed42
1abfbe87-b6e5-4da0-85e9-13980c67fd03___GCREC_Bact.Sp 3295.JPG,233,demo-random-seed42
1ac8d300-077c-43dc-8685-83ac695e07b4___GCREC_Bact.Sp 3672.JPG,1996,demo-random-seed42
1addf690-441a-40c5-b1e7-c618a8af1f40___GCREC_Bact.Sp 3744.JPG,1869,demo-random-seed42
1ade5ae9-2b62-4d53-86ae-fee9d3d9a7e9___UF.GRC_BS_Lab Leaf 0777.JPG,1803,demo-random-seed42
1aeee055-1c5f-4aab-a4af-bfe860f7dc46___GCREC_Bact.Sp 3034.JPG,1195,demo-random-seed42
1afcd540-c746-4c02-8611-686ec35caaf5___GCREC_Bact.Sp 5654.JPG,1855,demo-random-seed42
1b3ccbf3-c1e1-476e-b34a-6af0a6fbb349___GCREC_Bact.Sp 3735.JPG,417,demo-random-seed42
1ba1b688-e5b6-4871-8e70-edbf17bef408___GCREC_Bact.Sp 6125.JPG,2330,demo-random-seed42
1bddab06-9fb8-4727-8ea8-98e02a2fb178___GCREC_Bact.Sp 3237.JPG,1296,demo-random-seed42
1bfdc27c-5d3b-4b96-a835-86a09fe407de___GCREC_Bact.Sp 6266.JPG,2427,demo-random-seed42
1c213d89-a3ba-4486-ac5a-1744eb371859___GCREC_Bact.Sp 3500.JPG,394,demo-random-seed42
1c34f218-4416-44ad-b6dc-81b8fc1e10a8___GCREC_Bact.Sp 6381.JPG,1287,demo-random-seed42
1c5d49ef-1d7e-4b76-b33a-da162fe99eb2___GCREC_Bact.Sp 3506.JPG,1802,demo-random-seed42
1c78d892-4190-488d-b8d3-cf1c63c658f0___GCREC_Bact.Sp 3006.JPG,1282,demo-random-seed42
1cdfa566-3dc1-4be4-8ec9-91fd300ac06d___GCREC_Bact.Sp 3468.JPG,1154,demo-random-seed42
1d2bcd85-fdb7-4294-ba11-eb58373b4474___GCREC_Bact.Sp 3092.JPG,430,demo-random-seed42
1d6494e5-d659-47f2-a854-95f7633f8018___GCREC_Bact.Sp 6102.JPG,986,demo-random-seed42
1d83362f-5ea5-40f4-aa21-dfff0e99aff7___UF.GRC_BS_Lab Leaf 0566.JPG,617,demo-random-seed42
1d85e264-29cc-4239-88e7-2810569e1d87___GCREC_Bact.Sp 3105.JPG,780,demo-random-seed42
1dbd6b67-25f1-444e-81d8-cbb54213cbb4___GCREC_Bact.Sp 3528.JPG,1769,demo-random-seed42
1dd56ebe-f509-4ec1-a43e-13bd49b263e5___GCREC_Bact.Sp 3832.JPG,1631,demo-random-seed42
1e0582c9-3b55-4aaf-b63b-f223c13eac86___GCREC_Bact.Sp 5571.JPG,1571,demo-random-seed42
1e982ff7-1d2f-43e9-9c10-8735b84de1aa___GCREC_Bact.Sp 3329.JPG,936,demo-random-seed42
1eb09166-61e7-4816-9a48-4d7afaa25a86___GCREC_Bact.Sp 3310.JPG,2483,demo-random-seed42
1eb86f3d-7d18-41b8-b33c-807662b2d2df___GCREC_Bact.Sp 5555.JPG,226,demo-random-seed42
1ec8d580-f7b5-481f-85af-f2370a29a330___GCREC_Bact.Sp 5620.JPG,886,demo-random-seed42
1eca836c-208e-40a8-a69c-fb7232d92368___GCREC_Bact.Sp 6110.JPG,305,demo-random-seed42
1ee0cf88-307d-4c0c-af30-6031c2cbd256___GCREC_Bact.Sp 5840.JPG,877,demo-random-seed42
1ef34abf-812a-43c0-99e6-c29fb38f730d___GCREC_Bact.Sp 5594.JPG,2489,demo-random-seed42
1f6a4e82-1d08-48d0-a488-1a787c854484___GCREC_Bact.Sp 5905.JPG,947,demo-random-seed42
1f8c98e1-b5ff-48eb-b676-7c51e99a1329___GCREC_Bact.Sp 5919.JPG,2351,demo-random-seed42
1fbc778e-9d12-4813-bba5-75a7275ab525___GCREC_Bact.Sp 5983.JPG,1281,demo-random-seed42
1fcebd34-f196-4909-abd1-6d9413d9b4b4___GCREC_Bact.Sp 3304.JPG,1810,demo-random-seed42
1fdbbbb4-fb2b-415b-a316-16688f21c4da___GCREC_Bact.Sp 3338.JPG,1183,demo-random-seed42
1ff93f22-ad6e-4c74-a677-90e88d1b93df___GCREC_Bact.Sp 3532.JPG,688,demo-random-seed42
2012f5c2-8a5a-4307-b2f6-f8cc65dea96d___GCREC_Bact.Sp 6350.JPG,1977,demo-random-seed42
213539dc-f50d-4f98-a380-4fcfc575d208___UF.GRC_BS_Lab Leaf 9122.JPG,2508,demo-random-seed42
21833eb1-b84e-4471-816b-166e575ed0e7___GCREC_Bact.Sp 3244.JPG,682,demo-random-seed42
21a6fc4a-1d20-4d4b-9802-ce7096e342a1___GCREC_Bact.Sp 3576.JPG,2015,demo-random-seed42
21b0722c-abfd-4aab-88cb-646b6e284cbf___UF.GRC_BS_Lab Leaf 8683.JPG,675,demo-random-seed42
21d6c511-c51b-4680-a6f7-6781feca8e8e___GCREC_Bact.Sp 3433.JPG,1855,demo-random-seed42
221605c0-99da-46d8-a503-285d4c6d1e1a___GCREC_Bact.Sp 6366.JPG,2041,demo-random-seed42
221699b8-60cf-49fb-a5a6-b02e3770008d___GCREC_Bact.Sp 6135.JPG,1162,demo-random-seed42
2224e59e-d71f-4d3e-8d48-7dc90551aeb1___UF.GRC_BS_Lab Leaf 0251.JPG,1907,demo-random-seed42
225a427b-3e65-45fc-aaa4-1210fb81c20e___GCREC_Bact.Sp 3457.JPG,704,demo-random-seed42
2279def6-9a9e-43cd-8f35-9111fa81ab13___GCREC_Bact.Sp 5952.JPG,205,demo-random-seed42
227f113b-8511-4d2f-a591-8e5d01e896dd___GCREC_Bact.Sp 6384.JPG,249,demo-random-seed42
228ee04a-62e3-4fad-a457-62eb8b1472ee___UF.GRC_BS_Lab Leaf 0436.JPG,1156,demo-random-seed42
2290365c-ec97-46fb-bc6c-51395d458821___GCREC_Bact.Sp 5937.JPG,2335,demo-random-seed42
22a42ef8-b719-40d1-9307-8f035913daff___GCREC_Bact.Sp 3861.JPG,330,demo-random-seed42
2300bcf2-b682-4be7-a101-e4517c15a32b___GCREC_Bact.Sp 2980.JPG,1179,demo-random-seed42
235073b6-d329-4ebe-9e1d-015108760d6f___GCREC_Bact.Sp 5907.JPG,1822,demo-random-seed42
2351b015-b737-4ed6-97bd-105e73b02386___GCREC_Bact.Sp 3184.JPG,523,demo-random-seed42
2353ecb8-d1bb-4e2c-bb0f-7a0c90b5cdf4___UF.GRC_BS_Lab Leaf 8717.JPG,1867,demo-random-seed42
2359d490-4be7-4328-97bf-860b2f78bc19___GCREC_Bact.Sp 6113.JPG,791,demo-random-seed42
23642d88-83e5-491d-b9f2-7ddac809975b___GCREC_Bact.Sp 6186.JPG,2092,demo-random-seed42
236e1153-9421-4a7a-bf51-e8e53f9ada22___UF.GRC_BS_Lab Leaf 0338.JPG,1499,demo-random-seed42
23cf28cd-1d94-4797-82ed-0f3c79a39200___GCREC_Bact.Sp 5702.JPG,1415,demo-random-seed42
23ee3cb6-dba9-479c-ae1e-ea34028f8066___GCREC_Bact.Sp 5753.JPG,457,demo-random-seed42
23f67e39-1b4b-4296-a8a2-2a15890d0529___GCREC_Bact.Sp 3364.JPG,1198,demo-random-seed42
24300988-d6e0-4e1d-b89b-d5098c074c69___UF.GRC_BS_Lab Leaf 8837.JPG,2216,demo-random-seed42
2471c3d8-c8b2-4e2a-9943-afb84ed48a35___GCREC_Bact.Sp 3198.JPG,50,demo-random-seed42
247444c2-846f-4626-9c69-762c6f278538___GCREC_Bact.Sp 3452.JPG,1963,demo-random-seed42
24cd9e39-f7d2-4dd3-9681-b3a8e35cd3db___GCREC_Bact.Sp 3048.JPG,1275,demo-random-seed42
251b4763-59dd-49a8-99a6-6cf50b239454___GCREC_Bact.Sp 3589.JPG,1861,demo-random-seed42
25202a28-6a47-4ae0-aa2c-9907eb1be14d___GCREC_Bact.Sp 3681.JPG,1716,demo-random-seed42
254a2a42-f270-49e9-ac38-b5bb2ab653f9___GCREC_Bact.Sp 6107.JPG,1118,demo-random-seed42
259e3235-f6f5-4d2a-8fb6-f63f3446d2f9___GCREC_Bact.Sp 6282.JPG,798,demo-random-seed42
25a52867-003f-4390-a80d-03c63c038e9a___UF.GRC_BS_Lab Leaf 0341.JPG,1623,demo-random-seed42
25a8ea2f-8337-4b4b-8e2d-2110ee2b89ff___GCREC_Bact.Sp 5688.JPG,362,demo-random-seed42
25a94cb1-a32d-4da4-a379-4d5732fb6f5e___GCREC_Bact.Sp 3615.JPG,1511,demo-random-seed42
26079b3e-dfa6-4ad2-b699-cccf9d9b5032___GCREC_Bact.Sp 5678.JPG,245,demo-random-seed42
2622ba72-7a9b-4aa6-98c8-c35f2f186476___GCREC_Bact.Sp 5569.JPG,1681,demo-random-seed42
2642e2b0-d2d8-49ea-b9c3-44133f863169___GCREC_Bact.Sp 5660.JPG,1627,demo-random-seed42
26503027-c1b5-491a-b9eb-2002d9aa7e77___GCREC_Bact.Sp 5622.JPG,218,demo-random-seed42
2693b1a4-a4a2-4c40-a775-75b640e50b01___GCREC_Bact.Sp 5798.JPG,1960,demo-random-seed42
2731979e-e02a-4736-8475-4542fcc6f596___UF.GRC_BS_Lab Leaf 0227.JPG,1076,demo-random-seed42
27637c36-4f67-429c-97a0-39d035f3fd38___UF.GRC_BS_Lab Leaf 8864.JPG,2036,demo-random-seed42
27753ef8-a51a-4414-970d-c26419c6e13a___GCREC_Bact.Sp 3252.JPG,107,demo-random-seed42
277f9f6d-07b0-4687-afef-ebf67e227e96___GCREC_Bact.Sp 6364.JPG,464,demo-random-seed42
27ebdaaa-b432-4d4a-b404-a04e58a46f44___GCREC_Bact.Sp 6025.JPG,1278,demo-random-seed42
28357fdb-17f9-49e4-a10f-a5dae53aa48f___GCREC_Bact.Sp 3294.JPG,487,demo-random-seed42
283cf780-42c2-42ed-860a-29e7991c4e57___GCREC_Bact.Sp 5730.JPG,853,demo-random-seed42
284bcfac-0f71-4911-b5af-4f9e2a28a452___GCREC_Bact.Sp 6257.JPG,1709,demo-random-seed42
28557b27-1dce-4cd4-bed0-c4a84207d3e2___GCREC_Bact.Sp 6187.JPG,374,demo-random-seed42
287e0f27-ed49-42b0-b4f2-a8a95ff21dad___GCREC_Bact.Sp 5839.JPG,1753,demo-random-seed42
288896d1-7094-4250-9fd6-00589c41b42a___UF.GRC_BS_Lab Leaf 0264.JPG,267,demo-random-seed42
28d82205-33bc-4119-b028-e97858fe3bc7___UF.GRC_BS_Lab Leaf 1119.JPG,453,demo-random-seed42
29184f19-db21-475d-8032-a8b7c3a9c7f4___GCREC_Bact.Sp 5784.JPG,1520,demo-random-seed42
291aa719-2698-4449-9e9c-095cfc04da6f___GCREC_Bact.Sp 6196.JPG,2053,demo-random-seed42
29a61150-5453-4a76-88eb-2e97a8f4c400___GCREC_Bact.Sp 6345.JPG,441,demo-random-seed42
29aa56e5-1c34-4617-97a9-bf7b0a85b644___GCREC_Bact.Sp 3355.JPG,776,demo-random-seed42
29f59b9e-c2b2-4c1e-8588-2025546f206c___GCREC_Bact.Sp 3534.JPG,2394,demo-random-seed42
2a2d11a9-e334-491f-8d43-66320cd26010___GCREC_Bact.Sp 6124.JPG,2561,demo-random-seed42
2a377230-f904-4646-95da-76e242051242___GCREC_Bact.Sp 3085.JPG,1503,demo-random-seed42
2a43c0fa-a3dc-4f6d-a9e9-cb4274ae019f___GCREC_Bact.Sp 3621.JPG,1156,demo-random-seed42
2a4a8942-9d1d-4989-a58b-a02f1cc2256a___GCREC_Bact.Sp 2970.JPG,897,demo-random-seed42
2a9c6104-6e28-444a-aa97-027020004409___GCREC_Bact.Sp 3605.JPG,1585,demo-random-seed42
2b011bd3-107c-4a83-b961-eb7131d2a76a___UF.GRC_BS_Lab Leaf 0281.JPG,1529,demo-random-seed42
2b1247ef-594a-4ada-9377-1f46af51859c___GCREC_Bact.Sp 3095.JPG,762,demo-random-seed42
2b2d8d17-9ce4-467b-986d-adab29aab3e2___GCREC_Bact.Sp 5908.JPG,59,demo-random-seed42
2b6acf2e-3476-48a4-baa4-51aa62278537___GCREC_Bact.Sp 2977.JPG,392,demo-random-seed42
2b77473d-c669-4e5e-bf26-c1d32c800001___GCREC_Bact.Sp 3005.JPG,2480,demo-random-seed42
2c0d4b4f-d53f-4acc-bc40-ae766236b526___UF.GRC_BS_Lab Leaf 9298.JPG,1082,demo-random-seed42
2c11cd9f-5a64-49eb-91ba-63a7188c8eb7___GCREC_Bact.Sp 5926.JPG,1248,demo-random-seed42
2c2692be-ae2d-43e1-8365-8495da20fe90___GCREC_Bact.Sp 3592.JPG,1208,demo-random-seed42
2ca9ca04-4520-46bd-8a08-f6f9f95e7369___GCREC_Bact.Sp 6082.JPG,2025,demo-random-seed42
2cafa053-4dd6-4528-bb4f-53e4afeecefe___GCREC_Bact.Sp 2968.JPG,168,demo-random-seed42
2cc65e15-e2ac-4a59-be59-ea7882d51638___GCREC_Bact.Sp 6018.JPG,214,demo-random-seed42
2cd0bf74-c7ca-4b2f-87e4-1ba003e8b944___GCREC_Bact.Sp 3414.JPG,713,demo-random-seed42
2cd653bb-5ef1-4157-8d2c-bea2bbf2794b___GCREC_Bact.Sp 6375.JPG,1259,demo-random-seed42
2d135819-8bf4-4d5a-a503-c184ed800d0c___GCREC_Bact.Sp 6015.JPG,1736,demo-random-seed42
2d578e27-92f1-489d-96a8-d80cb09afa90___GCREC_Bact.Sp 6041.JPG,1269,demo-random-seed42
2d774052-b20a-441e-8ac1-f35239810e67___UF.GRC_BS_Lab Leaf 0336.JPG,1141,demo-random-seed42
2d9b4cc9-3b21-4e0c-830f-b97ed7bfb397___GCREC_Bact.Sp 3444.JPG,2427,demo-random-seed42
2dce98fb-99da-4f38-8ade-2a9c2dfe6599___GCREC_Bact.Sp 3482.JPG,416,demo-random-seed42
2e44b9e9-05f3-4465-9747-b90a5ea44579___UF.GRC_BS_Lab Leaf 0224.JPG,1479,demo-random-seed42
2e604e19-fcb1-4d3c-9c04-4b154e1ca480___UF.GRC_BS_Lab Leaf 9241.JPG,1403,demo-random-seed42
2e917b6c-8617-419d-b54e-2e5222d88e09___UF.GRC_BS_Lab Leaf 8938.JPG,1225,demo-random-seed42
2ef1523a-213c-4c36-af0a-8473fb932452___UF.GRC_BS_Lab Leaf 0364.JPG,2090,demo-random-seed42
2ef68d83-8e54-49b9-9a2e-67382e843a31___GCREC_Bact.Sp 3190.JPG,690,demo-random-seed42
2effb567-7a19-49c6-b819-e79c9f3a03ab___GCREC_Bact.Sp 3582.JPG,2468,demo-random-seed42
2f1b0a5b-05ed-41b7-bd44-6f291f7ccc43___GCREC_Bact.Sp 3665.JPG,858,demo-random-seed42
2f3e2c44-a83b-4f72-a831-ac42aec1020e___UF.GRC_BS_Lab Leaf 0211.JPG,1410,demo-random-seed42
2f48b422-e9b2-4143-8b7f-c44cea6fb2fd___UF.GRC_BS_Lab Leaf 0450.JPG,1347,demo-random-seed42
2f75f735-41de-445a-812c-72700ec68121___GCREC_Bact.Sp 5881.JPG,2199,demo-random-seed42
2f8a0ddd-dbc7-4c67-a993-2e6e7c79094e___GCREC_Bact.Sp 5966.JPG,1135,demo-random-seed42
2f946796-28fd-458c-a2a1-93c7a946c829___GCREC_Bact.Sp 6090.JPG,736,demo-random-seed42
2f9b712f-708a-4e10-b63e-5c1c2208081d___GCREC_Bact.Sp 2966.JPG,55,demo-random-seed42
2f9cc9b4-9244-4043-b786-25be4b3e4063___UF.GRC_BS_Lab Leaf 9032.JPG,941,demo-random-seed42
2fa031cf-7326-46a8-a565-2ce27d003e2d___GCREC_Bact.Sp 5884.JPG,2138,demo-random-seed42
2fa6fe6b-a7dc-471e-a878-b8d8e0121126___GCREC_Bact.Sp 3159.JPG,25,demo-random-seed42
2fb3c629-42bc-4027-8f7b-505ce5e0c211___GCREC_Bact.Sp 3460.JPG,2319,demo-random-seed42
2fd17140-f483-4f98-9d08-fc9e57b355e1___GCREC_Bact.Sp 6269.JPG,1404,demo-random-seed42
2fd91512-745b-410f-b57f-a5a5dc0573b9___GCREC_Bact.Sp 3171.JPG,362,demo-random-seed42
30374887-5005-4023-a9af-62af0d0c2872___GCREC_Bact.Sp 3822.JPG,782,demo-random-seed42
30479f05-421c-4598-8e91-4e2c6722c450___UF.GRC_BS_Lab Leaf 0538.JPG,1433,demo-random-seed42
305e943b-26f0-470a-83e1-3c2c05bac687___GCREC_Bact.Sp 5887.JPG,817,demo-random-seed42
305f208d-466d-464e-ad05-9b864dea3316___GCREC_Bact.Sp 6217.JPG,280,demo-random-seed42
30c04c65-4c7c-4b4b-b9e9-0d7faea2716e___GCREC_Bact.Sp 3841.JPG,1723,demo-random-seed42
30caf9f1-d21d-449a-a534-e29316b7a020___GCREC_Bact.Sp 5876.JPG,1739,demo-random-seed42
30dab838-d0e4-4028-9992-39a30009c167___GCREC_Bact.Sp 5829.JPG,307,demo-random-seed42
311a6db6-e3a0-4e8c-bd17-9cbc62217770___GCREC_Bact.Sp 3107.JPG,727,demo-random-seed42
317e1357-d86b-4bfa-a492-e8bbd461acc7___GCREC_Bact.Sp 6314.JPG,631,demo-random-seed42
31b7ef25-f27b-4ad3-a2bd-07df9be2d20e___GCREC_Bact.Sp 3765.JPG,1706,demo-random-seed42
31da1b43-834a-4fb0-8347-e9f27f65fa1f___UF.GRC_BS_Lab Leaf 0836.JPG,1890,demo-random-seed42
31ebf507-8a9d-42ac-89fa-54cbc98cc1d9___GCREC_Bact.Sp 6388.JPG,1881,demo-random-seed42
32198276-01c5-4088-bb55-2ccae3c95c87___GCREC_Bact.Sp 3015.JPG,2429,demo-random-seed42
32231fc1-ec78-45c6-9c7a-8412a7e38a25___GCREC_Bact.Sp 6143.JPG,1989,demo-random-seed42
325d6d7f-c30b-43a3-8714-74b9cee673b0___GCREC_Bact.Sp 5984.JPG,829,demo-random-seed42
328b1cc5-6ac5-4689-9979-78bda50f5eec___GCREC_Bact.Sp 2949.JPG,278,demo-random-seed42
33028adc-9dc2-4ac3-a7b9-7094200264f6___GCREC_Bact.Sp 3162.JPG,1590,demo-random-seed42
336d5c1b-ed6b-4e9a-b40b-4e2e53aa77b5___GCREC_Bact.Sp 5857.JPG,2370,demo-random-seed42
3392b4ec-48ed-468b-9a33-c3c53ab2dfa4___GCREC_Bact.Sp 3291.JPG,2523,demo-random-seed42
33950b17-918e-4243-bfbd-be33874b62c4___GCREC_Bact.Sp 3303.JPG,595,demo-random-seed42
33e336e9-fcd0-4e9c-a0c1-8a313c3ef1f3___UF.GRC_BS_Lab Leaf 0367.JPG,611,demo-random-seed42
3423b48a-9ded-4b8f-b552-1121e156f932___GCREC_Bact.Sp 5894.JPG,96,demo-random-seed42
34385d7a-a724-4577-898b-dc9b9deb8ed9___GCREC_Bact.Sp 6098.JPG,365,demo-random-seed42
3489afd3-f198-4866-8ca6-09a221d1236c___GCREC_Bact.Sp 5656.JPG,1435,demo-random-seed42
349e804d-2b74-4d13-8a4f-fc433b0f7d54___GCREC_Bact.Sp 3566.JPG,1415,demo-random-seed42
349f68f1-a57d-43bf-9422-3f6e905a9539___UF.GRC_BS_Lab Leaf 8692.JPG,959,demo-random-seed42
350e646b-1a06-440c-92c1-58dd4f287743___GCREC_Bact.Sp 5877.JPG,802,demo-random-seed42
35411663-291f-4dbd-a89f-7d9c8eb01d56___GCREC_Bact.Sp 3158.JPG,2147,demo-random-seed42
35797a1e-c933-4ae3-817f-abc07775075d___GCREC_Bact.Sp 3204.JPG,1190,demo-random-seed42
357e7fb6-0d3f-44f5-9f13-ae84759da804___UF.GRC_BS_Lab Leaf 0525.JPG,2091,demo-random-seed42
35bec389-2983-44f6-8bd5-d70e77cda204___GCREC_Bact.Sp 5617.JPG,2492,demo-random-seed42
35c80526-d4ca-4742-9903-6a9463c532e4___GCREC_Bact.Sp 2965.JPG,820,demo-random-seed42
35cfd84d-af4a-48c6-9add-aa389b3ef354___GCREC_Bact.Sp 3019.JPG,524,demo-random-seed42
35dfda90-eb0e-452a-b1cb-0ff20ef36e4b___GCREC_Bact.Sp 2972.JPG,2466,demo-random-seed42
360c7149-e544-48d4-bed2-2b03a10cbfe4___GCREC_Bact.Sp 2988.JPG,1642,demo-random-seed42
365b9e42-fc7d-4805-8737-dd51f26a2468___GCREC_Bact.Sp 3256.JPG,752,demo-random-seed42
367ef1cf-9ddd-40ba-9809-4652b3c2acd2___GCREC_Bact.Sp 2953.JPG,1609,demo-random-seed42
369f1de1-1e18-435f-87f1-67b5ed852a0a___UF.GRC_BS_Lab Leaf 9030.JPG,1332,demo-random-seed42
371929a8-17b8-4077-94f4-cfb6963d9285___UF.GRC_BS_Lab Leaf 8624.JPG,2343,demo-random-seed42
372d40b5-aac9-43d3-b9e7-08d52467622c___GCREC_Bact.Sp 6215.JPG,662,demo-random-seed42
373f5689-ca40-4b44-836d-c9a343d984f5___UF.GRC_BS_Lab Leaf 9295.JPG,2565,demo-random-seed42
3753bf15-16bd-4bbf-a9f8-55382f0f6ee5___GCREC_Bact.Sp 5685.JPG,2422,demo-random-seed42
37592d17-06d6-492a-a469-3726396ad71b___GCREC_Bact.Sp 5560.JPG,467,demo-random-seed42
37b32099-fdba-4c48-8bef-1904cd580737___GCREC_Bact.Sp 5897.JPG,426,demo-random-seed42
37d9751a-27aa-4771-a131-5411a43028f5___GCREC_Bact.Sp 3470.JPG,1379,demo-random-seed42
37f07271-2a51-4ebd-8346-d9703f725998___GCREC_Bact.Sp 3238.JPG,116,demo-random-seed42
3813824a-787e-437a-bdd2-2bd99f57edb6___GCREC_Bact.Sp 3416.JPG,773,demo-random-seed42
383335dc-fb2e-481c-a66f-9194f2715d92___UF.GRC_BS_Lab Leaf 0904.JPG,1126,demo-random-seed42
389409f8-30ae-46b3-960f-7b4936fc8ca5___GCREC_Bact.Sp 6021.JPG,2508,demo-random-seed42
38de266d-bb02-4dea-b3d8-9c3dcefb44c0___GCREC_Bact.Sp 3756.JPG,2568,demo-random-seed42
38f440f1-c527-4d22-abf0-61bc2effa58b___GCREC_Bact.Sp 2946.JPG,392,demo-random-seed42
3926a14d-ed26-4c2b-9dcc-a15370eae355___GCREC_Bact.Sp 5647.JPG,2307,demo-random-seed42
393946a5-3f5d-4ed3-af1f-fcb7647b369d___GCREC_Bact.Sp 6190.JPG,235,demo-random-seed42
39397863-767f-4187-b580-f4fb2279dfe6___GCREC_Bact.Sp 3687.JPG,1937,demo-random-seed42
39585b95-2167-4dac-9993-f75aac8d38bc___GCREC_Bact.Sp 3538.JPG,2188,demo-random-seed42
3981c964-0d65-4c9e-9b78-5e892b6a961c___GCREC_Bact.Sp 3230.JPG,2305,demo-random-seed42
39d2634e-789c-4fdb-bbe7-1c03e04d91b8___GCREC_Bact.Sp 5763.JPG,578,demo-random-seed42
3a08d08d-9820-492b-a99f-eb19147724b7___GCREC_Bact.Sp 3288.JPG,2312,demo-random-seed42
3a0d39c0-0ca6-455f-92ab-c773ba6270e9___GCREC_Bact.Sp 3084.JPG,300,demo-random-seed42
3a28881d-eede-4274-b158-c54ebd1c7164___GCREC_Bact.Sp 3136.JPG,1342,demo-random-seed42
3a5a5fef-8a3a-4f70-ab85-eaf5e3ecf6f2___GCREC_Bact.Sp 3449.JPG,1215,demo-random-seed42
3a8cc574-c2a6-4663-b1a0-7fa54b2b987d___GCREC_Bact.Sp 6358.JPG,817,demo-random-seed42
3aa670b8-1a95-41cb-8b98-bf498970f33e___UF.GRC_BS_Lab Leaf 8771.JPG,57,demo-random-seed42
3aa68bda-a2db-4986-a260-3acde7bbceda___GCREC_Bact.Sp 5603.JPG,1997,demo-random-seed42
3b41dc98-4539-4b3d-9400-2867156db0fc___GCREC_Bact.Sp 3483.JPG,868,demo-random-seed42
3b4b04a8-171b-4ebe-9dec-d1e476605354___GCREC_Bact.Sp 5855.JPG,1712,demo-random-seed42
3bed8328-2a32-49f3-b887-a083b1757259___GCREC_Bact.Sp 6171.JPG,1061,demo-random-seed42
3c182852-8b72-465a-ad91-a031d9d725f5___UF.GRC_BS_Lab Leaf 0411.JPG,967,demo-random-seed42
3c42263c-39eb-4e33-bf35-6694cb1eb973___GCREC_Bact.Sp 6106.JPG,2293,demo-random-seed42
3c742482-6056-42ff-a846-7df3a5d97fc9___GCREC_Bact.Sp 3156.JPG,244,demo-random-seed42
3c7a5a88-18d4-4b74-ba9f-df25a5927c92___UF.GRC_BS_Lab Leaf 0371.JPG,1906,demo-random-seed42
3c968c0e-9824-455f-bbf8-b4acf133508e___GCREC_Bact.Sp 3011.JPG,1932,demo-random-seed42
3cd5b241-d5f1-4ae7-92ea-447613dac98a___GCREC_Bact.Sp 3561.JPG,983,demo-random-seed42
3ce6b91a-b40d-4703-95ba-175ea70ddc27___GCREC_Bact.Sp 5667.JPG,679,demo-random-seed42
3cf036ee-c2ea-4823-aa07-e74f8fb1e98d___UF.GRC_BS_Lab Leaf 0592.JPG,13,demo-random-seed42
3d38f4a9-37ac-4211-bfc3-e26c815afc23___GCREC_Bact.Sp 3781.JPG,2424,demo-random-seed42
3d41d2d9-7014-4409-a953-21227ef9d8e1___GCREC_Bact.Sp 3699.JPG,2452,demo-random-seed42
3d997709-70ca-4845-a4df-02995c20f5f0___GCREC_Bact.Sp 2987.JPG,623,demo-random-seed42
3da1608f-81b2-4531-9079-2c2fbe1ab7e0___GCREC_Bact.Sp 3633.JPG,82,demo-random-seed42
3dd61e20-fb5a-486e-b579-763312c9cf27___GCREC_Bact.Sp 3116.JPG,317,demo-random-seed42
3dde2c0b-a6d1-49f7-bcdc-3a615ea9d0c0___GCREC_Bact.Sp 5731.JPG,175,demo-random-seed42
3dea7f7c-4bdc-4be6-8643-008b4d37ffc8___GCREC_Bact.Sp 3530.JPG,2150,demo-random-seed42
3e4ca861-5f1d-43c1-9b31-225455da4533___GCREC_Bact.Sp 3098.JPG,2308,demo-random-seed42
3eb58ecd-dff2-47e6-a7a9-81fc4b75ada0___GCREC_Bact.Sp 5563.JPG,396,demo-random-seed42
3f03db8d-6db0-45c0-ab1f-ca69db013041___GCREC_Bact.Sp 5729.JPG,1932,demo-random-seed42
3f34a2bd-b608-43dc-8608-2827ab8d5c6a___GCREC_Bact.Sp 6372.JPG,463,demo-random-seed42
3f34d522-9184-4f1e-bfd9-93d0cb571a7d___GCREC_Bact.Sp 3069.JPG,950,demo-random-seed42
3f71f836-8ffa-4bf7-98f7-e5cff0887fe1___GCREC_Bact.Sp 3814.JPG,1551,demo-random-seed42
3f75dffc-41bb-4db0-bc3f-a8879e1f4523___GCREC_Bact.Sp 3601.JPG,1863,demo-random-seed42
3fb6cd38-45c6-4ea1-bbc0-00d5b76b289d___GCREC_Bact.Sp 6104.JPG,2263,demo-random-seed42
3fb742ed-4a71-47d2-9c40-60768bc01cd4___GCREC_Bact.Sp 5977.JPG,115,demo-random-seed42
3fd9d993-1ce7-4958-903a-ae99de1d5ad7___GCREC_Bact.Sp 5988.JPG,508,demo-random-seed42
405e216e-b24f-4688-bd81-09de831eaada___UF.GRC_BS_Lab Leaf 0329.JPG,725,demo-random-seed42
40688c11-791b-465a-9476-a5069e24a56f___GCREC_Bact.Sp 3064.JPG,803,demo-random-seed42
40889410-0558-4ac6-a92c-7b715a603329___GCREC_Bact.Sp 3847.JPG,2582,demo-random-seed42
409570ee-0708-46a7-a65b-592a682cf3cc___GCREC_Bact.Sp 2986.JPG,2011,demo-random-seed42
40a87e9b-876d-4838-9cf4-1b1256080fad___GCREC_Bact.Sp 5932.JPG,829,demo-random-seed42
40acb575-35f9-4d8b-be67-2ec5fe86aee9___GCREC_Bact.Sp 3551.JPG,2515,demo-random-seed42
40bca704-2943-470c-8f5d-eda44b258b20___GCREC_Bact.Sp 3769.JPG,1292,demo-random-seed42
40c4a7ad-c8f9-4a58-986c-7de59a3189a8___GCREC_Bact.Sp 3415.JPG,1295,demo-random-seed42
41128d1d-2a43-4c08-a100-c92c2fc8b9b0___GCREC_Bact.Sp 3413.JPG,1122,demo-random-seed42
411860f2-2474-462d-83ea-ab11e3f5afe6___GCREC_Bact.Sp 3373.JPG,372,demo-random-seed42
4126165c-f9e0-4a17-9d87-d41bf356afb9___GCREC_Bact.Sp 3517.JPG,2418,demo-random-seed42
4128179b-06ee-4ad1-b2a9-792c448f5eb8___UF.GRC_BS_Lab Leaf 0219.JPG,36,demo-random-seed42
417a1a4c-18d5-449e-995c-1512f7cdcd41___GCREC_Bact.Sp 6367.JPG,451,demo-random-seed42
4184d645-f365-4e8b-a6f9-f5f80d5198a2___GCREC_Bact.Sp 5963.JPG,594,demo-random-seed42
4192f50c-fc75-4581-aac4-30470889bfcf___GCREC_Bact.Sp 3438.JPG,722,demo-random-seed42
41ad4c6f-cc69-438e-ac9a-431fc692824b___GCREC_Bact.Sp 3372.JPG,341,demo-random-seed42
41c22793-8ecf-4092-bd42-894271441cd0___UF.GRC_BS_Lab Leaf 0665.JPG,46,demo-random-seed42
41c2f403-dd59-43dc-9b36-f5e277954630___UF.GRC_BS_Lab Leaf 8986.JPG,1753,demo-random-seed42
4204bf83-0f95-44e0-a372-9f4f23caf9b8___GCREC_Bact.Sp 6263.JPG,2508,demo-random-seed42
42aa518f-8005-40bc-9728-a990743c2d5e___GCREC_Bact.Sp 3151.JPG,315,demo-random-seed42
42ae82d8-e3d4-4afa-b511-aeb2f25ded63___GCREC_Bact.Sp 5556.JPG,767,demo-random-seed42
431d6abc-9adb-4454-a3c6-e6b6a3ec79db___GCREC_Bact.Sp 6045.JPG,1310,demo-random-seed42
435e0071-a283-4462-b874-a5bf18f5ab4c___GCREC_Bact.Sp 6170.JPG,2400,demo-random-seed42
4399f133-0078-4099-9ddb-605bbb84cf8c___GCREC_Bact.Sp 3216.JPG,1796,demo-random-seed42
43a474b7-83dd-48e5-962a-783727a6595a___GCREC_Bact.Sp 3255.JPG,1982,demo-random-seed42
43b71f8a-175a-4847-a2c8-69c7d2f59f10___GCREC_Bact.Sp 3476.JPG,1503,demo-random-seed42
43d79893-c9e3-49b1-9dd7-52677d9bd325___GCREC_Bact.Sp 3196.JPG,1079,demo-random-seed42
43f48412-a4b0-496b-b482-da1a54482855___GCREC_Bact.Sp 5670.JPG,517,demo-random-seed42
43f97b78-04ee-4092-a909-6fd9af60d1a6___GCREC_Bact.Sp 3330.JPG,2236,demo-random-seed42
441dec39-f5c8-4885-b133-1db20ff1fd3b___GCREC_Bact.Sp 3487.JPG,2081,demo-random-seed42
443242bf-ad63-440d-89bd-cb11c2fc1e51___UF.GRC_BS_Lab Leaf 0874.JPG,64,demo-random-seed42
4436edf6-8c6d-4cc5-b973-1f0afd218e86___GCREC_Bact.Sp 6271.JPG,1851,demo-random-seed42
4482d275-c563-4abc-9198-d24cd8d2b628___UF.GRC_BS_Lab Leaf 0390.JPG,218,demo-random-seed42
44bbe861-f71e-4d67-af18-55866e37f5f6___GCREC_Bact.Sp 3129.JPG,1912,demo-random-seed42
44ddc088-1234-4cc8-aa29-e695104a7d1b___GCREC_Bact.Sp 6162.JPG,2137,demo-random-seed42
44f2bf4b-4801-484f-a342-3bbdb8db4ab8___GCREC_Bact.Sp 6309.JPG,339,demo-random-seed42
4523ca34-56f9-467b-9194-a297cf47e09a___GCREC_Bact.Sp 3854.JPG,1122,demo-random-seed42
4552e196-00f9-4de7-9a47-605de7a9ecd0___UF.GRC_BS_Lab Leaf 9296.JPG,320,demo-random-seed42
458fa745-af8d-48e2-aa5e-06b60f722f30___GCREC_Bact.Sp 6206.JPG,1468,demo-random-seed42
459dc80c-b60d-4da1-9400-7e0803cb2432___UF.GRC_BS_Lab Leaf 0708.JPG,2400,demo-random-seed42
45b562f0-a975-4c93-a705-699d7cc977bc___GCREC_Bact.Sp 5733.JPG,209,demo-random-seed42
45e47cab-d129-497f-ba97-ab2a2ed62f5c___GCREC_Bact.Sp 2948.JPG,1028,demo-random-seed42
45fdc702-5ea8-43a9-acad-2bd8d3fe5c55___GCREC_Bact.Sp 3636.JPG,2518,demo-random-seed42
45ffd23d-bd59-4633-881f-fe229f999e88___GCREC_Bact.Sp 3626.JPG,778,demo-random-seed42
4612d560-762e-4254-8e6d-bc48ee9a94f4___GCREC_Bact.Sp 5716.JPG,342,demo-random-seed42
463b2ce4-28ac-416d-9a43-2e494e649fbf___GCREC_Bact.Sp 6146.JPG,1264,demo-random-seed42
46520eb0-dbd0-40c7-ba4f-37510a15af9e___GCREC_Bact.Sp 5558.JPG,1315,demo-random-seed42
46638af1-9027-42c5-a5c0-03d6b684f975___UF.GRC_BS_Lab Leaf 0217.JPG,1715,demo-random-seed42
4669d307-bfa9-42ce-9724-cbfd3b37eaa3___GCREC_Bact.Sp 3276.JPG,811,demo-random-seed42
46c03e65-7398-4ecb-aca4-69c0edb3015b___GCREC_Bact.Sp 5724.JPG,2473,demo-random-seed42
46d649c2-01cc-4716-8907-10ca3036c255___UF.GRC_BS_Lab Leaf 8868.JPG,1348,demo-random-seed42
46ed6749-0f57-42af-b984-e99567d5cd61___GCREC_Bact.Sp 3818.JPG,741,demo-random-seed42
4707268c-7dea-4327-9b13-a8da598c4356___GCREC_Bact.Sp 3643.JPG,2485,demo-random-seed42
470dc5c1-47be-4468-ab17-e378715807e2___GCREC_Bact.Sp 3697.JPG,2393,demo-random-seed42
4714aa2d-34f6-45d3-906d-dde05519464b___UF.GRC_BS_Lab Leaf 9265.JPG,1291,demo-random-seed42
471a3798-e544-4f38-b0dc-bd8ccafcdafc___GCREC_Bact.Sp 3607.JPG,64,demo-random-seed42
475758ba-01a6-41f7-abe4-81f2fff399b4___UF.GRC_BS_Lab Leaf 9185.JPG,1544,demo-random-seed42
476d4ff7-197e-4721-9875-527342fc4647___GCREC_Bact.Sp 3467.JPG,1436,demo-random-seed42
47798da0-ff59-497e-a2bb-e169c9138a7e___GCREC_Bact.Sp 3120.JPG,383,demo-random-seed42
47a3c2c9-1f3b-4d42-8857-cfc714042c2a___UF.GRC_BS_Lab Leaf 8631.JPG,1640,demo-random-seed42
47ad1c56-26d9-46b8-a7b0-473a56024129___GCREC_Bact.Sp 3856.JPG,2175,demo-random-seed42
47d90e2b-bd1b-4b84-94dd-9cdfa31ba15a___GCREC_Bact.Sp 3732.JPG,274,demo-random-seed42
482ef065-ba2f-4492-b215-9a60138a0047___GCREC_Bact.Sp 3090.JPG,1871,demo-random-seed42
483801eb-a0b8-4675-a731-40d6204ecbae___GCREC_Bact.Sp 5777.JPG,363,demo-random-seed42
484ce1a5-f249-43ed-afb7-9cd7c2173e29___GCREC_Bact.Sp 3596.JPG,1937,demo-random-seed42
4850260f-50f5-4f6a-a0ab-1b5b744bdd13___GCREC_Bact.Sp 3346.JPG,1084,demo-random-seed42
486af1e3-91b4-4d0c-ba01-4992f9ddddce___GCREC_Bact.Sp 5745.JPG,16,demo-random-seed42
486eeb98-44bd-405b-9756-5e2e4fd95b90___GCREC_Bact.Sp 3451.JPG,2500,demo-random-seed42
48f82716-ca44-4303-87ed-1d0c812bab49___GCREC_Bact.Sp 6036.JPG,429,demo-random-seed42
4913ff90-0ca7-43b5-a157-a8ab19e43f12___UF.GRC_BS_Lab Leaf 0537.JPG,1542,demo-random-seed42
4987b5ee-012c-4bcd-854d-7881a50757fd___GCREC_Bact.Sp 3209.JPG,469,demo-random-seed42
4990878e-265e-4dad-98cf-ce60fb67035b___GCREC_Bact.Sp 3479.JPG,2414,demo-random-seed42
499ed0ff-447b-4f2b-9f9d-d733202b4fcf___GCREC_Bact.Sp 3407.JPG,1910,demo-random-seed42
49b9840f-d9f1-42cc-92ad-96bbbd8bf9b2___GCREC_Bact.Sp 6379.JPG,2081,demo-random-seed42
49bfc0c9-1a64-4a1b-8a52-50d0df72e140___GCREC_Bact.Sp 3817.JPG,1118,demo-random-seed42
49c04c82-89d6-480e-96a3-d74a14b717b3___GCREC_Bact.Sp 3274.JPG,1209,demo-random-seed42
49c34c1b-08a8-4bdd-a933-0eb4daff5f97___GCREC_Bact.Sp 3501.JPG,1641,demo-random-seed42
4a2b419c-69a8-4eb0-9802-15d7feffe59f___GCREC_Bact.Sp 3821.JPG,2030,demo-random-seed42
4a5a1551-dd56-4fce-971c-4d7166afaff1___GCREC_Bact.Sp 3113.JPG,2191,demo-random-seed42
4a9819e9-6651-480a-a524-74d149449538___GCREC_Bact.Sp 3748.JPG,46,demo-random-seed42
4ac4ef34-f2c2-4e08-a0d6-ad3d225159f5___GCREC_Bact.Sp 6177.JPG,1717,demo-random-seed42
4adf8989-4cc7-4145-a1be-834e2e3ca9a8___GCREC_Bact.Sp 5671.JPG,282,demo-random-seed42
4b3b4550-4629-4b5d-9b6a-5af474c6066e___GCREC_Bact.Sp 3850.JPG,745,demo-random-seed42
4b3d69f0-f4c7-4d86-953f-3d4083cd6270___UF.GRC_BS_Lab Leaf 8619.JPG,2146,demo-random-seed42
4bff9d4d-4186-4839-af6a-fa859ff84bf4___GCREC_Bact.Sp 3398.JPG,648,demo-random-seed42
4c4765f3-e177-4baa-a2a3-c7784e8f6a78___GCREC_Bact.Sp 3411.JPG,2062,demo-random-seed42
4c8f178b-1d65-40ee-bc71-b78e95d9f200___GCREC_Bact.Sp 5835.JPG,1198,demo-random-seed42
4cc672a5-b8d1-4f05-b95f-333e72fa6205___GCREC_Bact.Sp 5997.JPG,602,demo-random-seed42
4ceb9395-b11a-4290-bfc4-db6afe8ad21e___UF.GRC_BS_Lab Leaf 0806.JPG,865,demo-random-seed42
4d02e3e4-c583-402a-adc0-b258c8a3384f___UF.GRC_BS_Lab Leaf 0287.JPG,1373,demo-random-seed42
4d036bc9-ce94-4da8-af1b-564b2846fbf8___GCREC_Bact.Sp 5789.JPG,1980,demo-random-seed42
4d0a8955-1ad3-4181-9d08-4bedf2cdc4b6___GCREC_Bact.Sp 3657.JPG,1568,demo-random-seed42
4d0f643a-df33-432c-950f-141b23e21094___GCREC_Bact.Sp 3312.JPG,2415,demo-random-seed42
4d33be8c-151b-4d2b-960f-f15ef077d4cc___GCREC_Bact.Sp 3767.JPG,2245,demo-random-seed42
4d8ed094-fe5e-472d-9787-5a681be52463___UF.GRC_BS_Lab Leaf 8590.JPG,1949,demo-random-seed42
4da52d81-c129-4638-9fb5-2b412130ed05___GCREC_Bact.Sp 3475.JPG,1560,demo-random-seed42
4dcc0165-a3c5-4290-8262-16c63b677a7d___GCREC_Bact.Sp 3602.JPG,750,demo-random-seed42
4e726fa5-592c-4e69-a29e-4fc466d82597___GCREC_Bact.Sp 3377.JPG,1067,demo-random-seed42
4e906c0c-95cb-41fa-a05d-2981c7b3711a___GCREC_Bact.Sp 6205.JPG,307,demo-random-seed42
4ee0ffd9-54fa-41d8-bbde-2a3e4fde35bb___UF.GRC_BS_Lab Leaf 9024.JPG,968,demo-random-seed42
4ef7faee-a40b-4f02-9ecb-d660ed0fd708___GCREC_Bact.Sp 6322.JPG,2397,demo-random-seed42
4f06a857-13bc-44c1-87fb-c3ccdaeeaacb___GCREC_Bact.Sp 5965.JPG,1102,demo-random-seed42
4f076bc3-b4df-49de-9b92-2aed4e561d2f___GCREC_Bact.Sp 6138.JPG,294,demo-random-seed42
4f107108-ac41-4921-b933-4e041604de61___GCREC_Bact.Sp 5579.JPG,1687,demo-random-seed42
4f617600-4d99-4f96-98c6-27a08425dbda___GCREC_Bact.Sp 6251.JPG,2491,demo-random-seed42
4fba56f7-8e4d-4d30-bbdd-3db1ed111f61___GCREC_Bact.Sp 6062.JPG,2245,demo-random-seed42
4fbd7787-b45b-4614-916f-4c063f164046___GCREC_Bact.Sp 3759.JPG,709,demo-random-seed42
4fc4c293-30a0-4207-b880-603ad3afcbd8___GCREC_Bact.Sp 5931.JPG,1174,demo-random-seed42
4fe65f68-958a-4d32-875a-6a25260f3b69___GCREC_Bact.Sp 5768.JPG,1374,demo-random-seed42
502fb732-b98c-4472-9bf3-5a0c038492fc___UF.GRC_BS_Lab Leaf 8642.JPG,641,demo-random-seed42
50396b93-07af-41f8-bd0c-9d5068e1699e___GCREC_Bact.Sp 5662.JPG,695,demo-random-seed42
505ff6be-e8f6-4af6-86a7-001cd2cac277___GCREC_Bact.Sp 5562.JPG,612,demo-random-seed42
5065cba2-6f5c-44e9-886d-e6fb8d764891___GCREC_Bact.Sp 3599.JPG,2573,demo-random-seed42
50726baf-e64e-4fea-91f5-f5c908aa9737___GCREC_Bact.Sp 2947.JPG,1930,demo-random-seed42
50950fff-ebce-4985-bf46-713a0cdae29c___GCREC_Bact.Sp 5589.JPG,2176,demo-random-seed42
509c3853-b405-440f-bda3-59f1d7d238be___GCREC_Bact.Sp 3250.JPG,2113,demo-random-seed42
50affc63-4d3e-4eb4-ad9c-4f9b7311e989___GCREC_Bact.Sp 3035.JPG,2482,demo-random-seed42
50d3806b-90a3-4d5e-8fd7-9dc443939279___UF.GRC_BS_Lab Leaf 1187.JPG,272,demo-random-seed42
50d413a2-e062-4e66-84a8-7ad5537d2927___GCREC_Bact.Sp 3577.JPG,2281,demo-random-seed42
5125393a-d835-478f-acf2-d40bfa421d5b___UF.GRC_BS_Lab Leaf 0458.JPG,172,demo-random-seed42
513411b7-3388-4d3f-b1d2-6fe67b11a5ec___GCREC_Bact.Sp 5814.JPG,1230,demo-random-seed42
517dac9f-61a6-4e5a-928e-b0009c2d6d47___GCREC_Bact.Sp 3516.JPG,1538,demo-random-seed42
519d4cf8-cce5-47a8-b33e-39365fb0799f___GCREC_Bact.Sp 3844.JPG,926,demo-random-seed42
51cb7cc6-9562-4d43-9b6d-0bf168ea8ddd___GCREC_Bact.Sp 5854.JPG,378,demo-random-seed42
51ce2b94-a8c2-4656-bb2d-442ec0dbd780___GCREC_Bact.Sp 5957.JPG,497,demo-random-seed42
51d27c5f-eb9d-46c7-a91f-e83c3433b5d3___GCREC_Bact.Sp 3809.JPG,2134,demo-random-seed42
51d765e5-9c9d-40b9-8a71-32cf12ac2262___GCREC_Bact.Sp 3559.JPG,824,demo-random-seed42
51f0f777-a154-4a53-81c5-87bb24003ce7___UF.GRC_BS_Lab Leaf 9132.JPG,803,demo-random-seed42
526959cc-f05a-46fb-8625-ed60fdac30cd___GCREC_Bact.Sp 3032.JPG,2389,demo-random-seed42
526fe053-f112-41dc-8a66-f912b73d0b66___UF.GRC_BS_Lab Leaf 8941.JPG,372,demo-random-seed42
52b03992-9fe9-4829-bb4d-54f1b4b6a03e___GCREC_Bact.Sp 6194.JPG,2368,demo-random-seed42
52ca9334-9911-476d-a130-f44e033aeda1___UF.GRC_BS_Lab Leaf 0244.JPG,2383,demo-random-seed42
5309ae2f-a913-4fa1-82f4-d4f34ef72cee___GCREC_Bact.Sp 3335.JPG,1549,demo-random-seed42
5317478a-63d0-4ba5-a23d-983e9bbf2635___GCREC_Bact.Sp 6369.JPG,428,demo-random-seed42
5343448b-1c53-435c-9f2a-7344772438a2___GCREC_Bact.Sp 3057.JPG,403,demo-random-seed42
5360a154-707e-47fe-94cf-dbe155b648bd___GCREC_Bact.Sp 3270.JPG,736,demo-random-seed42
53824ab2-5655-4524-916b-9900ee0b949b___UF.GRC_BS_Lab Leaf 1159.JPG,1494,demo-random-seed42
538b69f4-6f98-4bd6-8da7-8f8448c8731b___GCREC_Bact.Sp 5775.JPG,397,demo-random-seed42
53a586ef-8136-4f96-929e-f51c590a628c___UF.GRC_BS_Lab Leaf 0769.JPG,1179,demo-random-seed42
53be4d43-f23b-46c5-9904-efe2dbb1e647___GCREC_Bact.Sp 3703.JPG,298,demo-random-seed42
53cc4f3b-8abd-499a-ad1b-898beb5936a3___GCREC_Bact.Sp 5874.JPG,1398,demo-random-seed42
53d941ee-48e5-4669-8cf4-7a04fb68e808___GCREC_Bact.Sp 5893.JPG,54,demo-random-seed42
53da5b0e-3f9c-41a6-9b64-9b63ddf3e340___GCREC_Bact.Sp 6236.JPG,1834,demo-random-seed42
53fbf33e-78a4-4e56-862b-69b2eed0d72e___GCREC_Bact.Sp 3047.JPG,143,demo-random-seed42
542e3014-3c3c-40c2-bf7e-73287f5302e4___GCREC_Bact.Sp 3157.JPG,504,demo-random-seed42
54672dba-a230-438b-a8a3-ce4b3b456254___GCREC_Bact.Sp 3562.JPG,451,demo-random-seed42
549bff64-9722-4193-9b44-b6069a5a4fc8___GCREC_Bact.Sp 6312.JPG,2150,demo-random-seed42
54b4add6-a01f-4a1e-a7cf-fb1db09e853a___GCREC_Bact.Sp 3584.JPG,138,demo-random-seed42
54d57dd6-1ad0-4c53-ad9a-4f5ea8101807___UF.GRC_BS_Lab Leaf 9141.JPG,1110,demo-random-seed42
54f6ee80-e418-4320-b8bc-789e702c4b14___GCREC_Bact.Sp 6328.JPG,1529,demo-random-seed42
5512c9ea-9177-4860-8035-c4f8b2025693___GCREC_Bact.Sp 5651.JPG,1335,demo-random-seed42
5532512c-66c7-4abf-b192-741b104c39bc___GCREC_Bact.Sp 3542.JPG,1761,demo-random-seed42
55339b80-574d-4379-bc85-35558fcc0bea___UF.GRC_BS_Lab Leaf 0554.JPG,2078,demo-random-seed42
55ab0db9-5d18-4634-ab2a-db1a2c3f4299___UF.GRC_BS_Lab Leaf 1032.JPG,1018,demo-random-seed42
55afdd3f-f2f9-419c-aaf6-934c97461b33___GCREC_Bact.Sp 3279.JPG,2143,demo-random-seed42
55b8b2b8-0967-441a-9524-9c4cdfe6db46___GCREC_Bact.Sp 3075.JPG,822,demo-random-seed42
55b8f3a6-d613-4437-860b-dc50459dd07c___UF.GRC_BS_Lab Leaf 9220.JPG,2547,demo-random-seed42
55dae2a7-f763-4fc0-be79-d658090aab1d___GCREC_Bact.Sp 5698.JPG,1305,demo-random-seed42
55f0b4f2-b1ff-4f01-9697-a05d12e831e4___GCREC_Bact.Sp 3620.JPG,1904,demo-random-seed42
55f46365-0a3b-4194-b830-8b0b74bf1a19___GCREC_Bact.Sp 3106.JPG,2264,demo-random-seed42
5611facf-a786-4b41-810f-dd9700f5f75e___GCREC_Bact.Sp 3340.JPG,2051,demo-random-seed42
561c1779-99be-42d0-8759-dd20091d2cbb___GCREC_Bact.Sp 5552.JPG,2202,demo-random-seed42
56625acf-1d7d-4505-be30-49076b8bc2cf___GCREC_Bact.Sp 3673.JPG,1388,demo-random-seed42
56665469-ee3d-4a16-8891-0e1a59634ffc___GCREC_Bact.Sp 3647.JPG,112,demo-random-seed42
569caa32-079d-49bd-bb70-212e71f1de31___GCREC_Bact.Sp 5787.JPG,1276,demo-random-seed42
56a71742-bb4c-4fde-8f21-5ebc5f37514d___GCREC_Bact.Sp 5738.JPG,469,demo-random-seed42
570a9d03-9eb2-4ee3-a940-a7b670a42fbe___UF.GRC_BS_Lab Leaf 8632.JPG,2301,demo-random-seed42
57e15172-0ea6-4041-8891-53f47d6e0710___GCREC_Bact.Sp 3690.JPG,612,demo-random-seed42
581cabbe-38dc-4694-8180-e7ffb4786102___GCREC_Bact.Sp 3691.JPG,590,demo-random-seed42
581ec351-50cf-4ab7-9b6a-cbae02d623df___GCREC_Bact.Sp 2985.JPG,645,demo-random-seed42
5849b4f9-da0f-46fc-9671-fafef05c921b___UF.GRC_BS_Lab Leaf 9276.JPG,1662,demo-random-seed42
58591da8-58b7-481e-bf58-bd88443d0901___GCREC_Bact.Sp 6192.JPG,1478,demo-random-seed42
5882470e-77e6-46da-b63c-b804ce311df1___GCREC_Bact.Sp 3040.JPG,2455,demo-random-seed42
58b4de6b-90af-4c5b-a95b-3fdd953c9255___GCREC_Bact.Sp 5830.JPG,1077,demo-random-seed42
58e691ec-b8e5-4845-8de1-4254a7d9f62c___GCREC_Bact.Sp 3450.JPG,730,demo-random-seed42
58fa9688-9bbc-4d28-8aae-61448feeeb1f___GCREC_Bact.Sp 6340.JPG,127,demo-random-seed42
59738947-4377-41ba-8a10-0335fdc27ab7___GCREC_Bact.Sp 3734.JPG,18,demo-random-seed42
5999b12b-b580-486a-a50f-fcdf44d59b71___GCREC_Bact.Sp 6306.JPG,966,demo-random-seed42
5a198510-9f1e-4699-b747-d0b1c0892756___UF.GRC_BS_Lab Leaf 0768.JPG,2396,demo-random-seed42
5a43dabd-d732-4fe5-bd01-1d23f4a41d5e___GCREC_Bact.Sp 6389.JPG,1355,demo-random-seed42
5aeedf79-4095-41e5-b743-ae2afb328940___GCREC_Bact.Sp 6078.JPG,2312,demo-random-seed42
5b247678-19af-4134-941e-de7bb39cee22___UF.GRC_BS_Lab Leaf 8800.JPG,263,demo-random-seed42
5b3d632e-acdb-4864-bae6-730306b44cd5___GCREC_Bact.Sp 3710.JPG,241,demo-random-seed42
5b65716f-ed7d-42cc-b9b6-c7712782f366___UF.GRC_BS_Lab Leaf 9230.JPG,2156,demo-random-seed42
5b69f555-2033-48e7-83e7-9ff798eac600___GCREC_Bact.Sp 6395.JPG,276,demo-random-seed42
5bac1e11-978e-457e-85c2-11a1b5c618ca___GCREC_Bact.Sp 5860.JPG,134,demo-random-seed42
5bb01712-dec5-40e7-8ceb-a2836ffab201___GCREC_Bact.Sp 3851.JPG,1045,demo-random-seed42
5bc14ad9-12ff-4f0d-a775-5407ebe7944d___GCREC_Bact.Sp 3141.JPG,2393,demo-random-seed42
5bc8227b-796d-40cb-8f9e-dc5b5a0fc055___GCREC_Bact.Sp 5664.JPG,1784,demo-random-seed42
5bf73067-7550-4857-aa0f-c35e7bbcb668___UF.GRC_BS_Lab Leaf 1166.JPG,256,demo-random-seed42
5c04a777-eb5c-4864-9c18-bc39d0c4dd2a___GCREC_Bact.Sp 5969.JPG,2166,demo-random-seed42
5c0765db-6fdc-45f1-b714-1f6906856761___GCREC_Bact.Sp 5736.JPG,2183,demo-random-seed42
5c130080-6cae-4d1e-acd7-629129d66a47___UF.GRC_BS_Lab Leaf 0412.JPG,2072,demo-random-seed42
5c5dbca4-4322-4227-a543-6ff6f876a531___GCREC_Bact.Sp 5785.JPG,2336,demo-random-seed42
5c862bf1-ab62-4106-bdca-6b22a1951dca___GCREC_Bact.Sp 3860.JPG,620,demo-random-seed42
5c973c59-c8da-4a3a-bd99-a645d0f83936___GCREC_Bact.Sp 6362.JPG,2535,demo-random-seed42
5cc48c5c-f74c-4e20-820f-e03f8bff3e3e___GCREC_Bact.Sp 6008.JPG,829,demo-random-seed42
5ce7093e-2e9d-4dd9-9401-7499c26ddaf1___GCREC_Bact.Sp 5566.JPG,2075,demo-random-seed42
5cf74b8f-2a3a-4141-8309-1c02f01ab444___GCREC_Bact.Sp 5967.JPG,1499,demo-random-seed42
5d1f3889-f029-4ebd-834d-9e39d775b070___GCREC_Bact.Sp 5996.JPG,2017,demo-random-seed42
5d376fa7-128d-4e23-af1a-ed4283451419___GCREC_Bact.Sp 3406.JPG,1624,demo-random-seed42
5d75ed9b-3a40-4e40-ad3c-b2fc58f9d9a3___GCREC_Bact.Sp 6239.JPG,1662,demo-random-seed42
5def221c-54e3-4322-ba12-327adcd50dee___GCREC_Bact.Sp 3014.JPG,1594,demo-random-seed42
5e1bc867-05f6-4749-af57-60a73435bba2___GCREC_Bact.Sp 6027.JPG,2016,demo-random-seed42
5e258cf7-39d9-4f9e-9727-61401a3cb841___GCREC_Bact.Sp 5612.JPG,1912,demo-random-seed42
5e498617-5f79-49ba-a46e-0acd8d6e0bee___GCREC_Bact.Sp 3037.JPG,348,demo-random-seed42
5e6a7174-2bb9-4fc6-88a9-8df6589f11ea___GCREC_Bact.Sp 6020.JPG,2137,demo-random-seed42
5e802218-06bd-4542-b310-ca99753a5a83___GCREC_Bact.Sp 5933.JPG,1387,demo-random-seed42
5ec38b83-47c5-460d-a465-2b8b89e5ce55___GCREC_Bact.Sp 3231.JPG,836,demo-random-seed42
5eeede3b-6469-48f4-9bd9-56732ee3c4cf___UF.GRC_BS_Lab Leaf 0627.JPG,1330,demo-random-seed42
5faeaff0-1dcd-4c79-b6ad-22908cc519ac___GCREC_Bact.Sp 5655.JPG,2502,demo-random-seed42
5fe12bf4-de4e-49bc-8125-b47edd272f7e___GCREC_Bact.Sp 3205.JPG,2219,demo-random-seed42
60095dac-7012-47a0-8697-eade683994c3___UF.GRC_BS_Lab Leaf 0273.JPG,2157,demo-random-seed42
602448f7-1b22-4675-a26a-3024bf147348___GCREC_Bact.Sp 6155.JPG,1197,demo-random-seed42
60260c16-a166-450d-a946-e2a76e617352___UF.GRC_BS_Lab Leaf 8846.JPG,2029,demo-random-seed42
604cb86e-6490-4cb4-b1f4-5cb57a5823ba___GCREC_Bact.Sp 3369.JPG,996,demo-random-seed42
605dda2d-be55-45cc-b247-76903d159255___UF.GRC_BS_Lab Leaf 8749.JPG,1775,demo-random-seed42
606ad875-f0db-4725-8b4d-d046b6a1405f___GCREC_Bact.Sp 6228.JPG,1655,demo-random-seed42
608ca2c7-8302-4863-a04b-6919da642ae9___GCREC_Bact.Sp 3070.JPG,646,demo-random-seed42
6094d3ab-4af9-4b2e-b286-ab9a46a74097___GCREC_Bact.Sp 5961.JPG,689,demo-random-seed42
611c6fa8-d805-4956-a786-2a4522c59f71___GCREC_Bact.Sp 5616.JPG,158,demo-random-seed42
6131cc64-b00a-4610-a1e1-a97e8db9a352___GCREC_Bact.Sp 6053.JPG,361,demo-random-seed42
613d2aaf-3f77-498f-abf2-8519cc595bbe___GCREC_Bact.Sp 5925.JPG,1122,demo-random-seed42
615a9d50-74d8-4435-af2c-459d8f97e453___GCREC_Bact.Sp 5676.JPG,1236,demo-random-seed42
61aff020-4e3f-4ef4-85b4-99489d8b2cb2___GCREC_Bact.Sp 3613.JPG,427,demo-random-seed42
61c2fc74-79b0-4c16-8d6e-14d054281bc8___GCREC_Bact.Sp 3086.JPG,1078,demo-random-seed42
62398423-ef8e-4a9f-a1d0-1ebee08faafc___GCREC_Bact.Sp 3521.JPG,1563,demo-random-seed42
624af462-6321-42a3-a79e-52cedc26a10e___GCREC_Bact.Sp 3764.JPG,601,demo-random-seed42
62b151e8-3ff6-444f-aa56-af06e198d9ed___GCREC_Bact.Sp 5971.JPG,875,demo-random-seed42
631fcec5-39db-474a-a929-097718ad2162___GCREC_Bact.Sp 3327.JPG,951,demo-random-seed42
6322dd1e-a6fa-462c-b985-1f9188da0d95___GCREC_Bact.Sp 5972.JPG,1307,demo-random-seed42
638774fe-d7e6-4920-a8d9-e39b9c308474___GCREC_Bact.Sp 5806.JPG,948,demo-random-seed42
64110a6c-c670-435f-8264-3cd5d45250cb___GCREC_Bact.Sp 6289.JPG,1907,demo-random-seed42
641aa012-41e5-4e85-bac4-1d81bd67be58___GCREC_Bact.Sp 5665.JPG,847,demo-random-seed42
64208676-e4c1-4f27-84ba-38c7e0790320___GCREC_Bact.Sp 3779.JPG,1122,demo-random-seed42
6423c12d-7802-4fd0-92d3-2f5438f22418___UF.GRC_BS_Lab Leaf 9152.JPG,982,demo-random-seed42
645095d4-fe92-4759-8b40-1a7c13b2e02e___GCREC_Bact.Sp 3219.JPG,473,demo-random-seed42
64d5ec90-b356-4ce8-9ad4-2a152d98782e___GCREC_Bact.Sp 5557.JPG,1774,demo-random-seed42
650a2408-9d62-4ebc-92ca-689e2612e248___GCREC_Bact.Sp 3325.JPG,609,demo-random-seed42
65476dd0-6a5b-4623-b97d-96d74dcdbe03___GCREC_Bact.Sp 3842.JPG,768,demo-random-seed42
655639ad-cd0d-457a-b53a-8e25886e4f55___GCREC_Bact.Sp 3099.JPG,2051,demo-random-seed42
659908ff-205b-4fd1-af8b-5b2c11b56adf___GCREC_Bact.Sp 3139.JPG,2455,demo-random-seed42
65e45c3c-449c-4c54-a841-47cd660ed9f1___GCREC_Bact.Sp 6160.JPG,1736,demo-random-seed42
65ef97f0-f2d6-4867-b48d-8fa8f760f31d___UF.GRC_BS_Lab Leaf 0502.JPG,2371,demo-random-seed42
65f6bcbf-a1b7-493d-9558-131850277616___GCREC_Bact.Sp 3307.JPG,2210,demo-random-seed42
660a5dde-ec09-4a6a-a409-38989f71b8a4___GCREC_Bact.Sp 6300.JPG,1244,demo-random-seed42
6622ef60-ab1d-4225-9986-fbe2b201d43a___GCREC_Bact.Sp 3349.JPG,1993,demo-random-seed42
662555e4-c996-4945-8294-6e9dab37a80a___GCREC_Bact.Sp 5772.JPG,849,demo-random-seed42
66312db9-c9bd-4d47-9e63-f67d207a8540___GCREC_Bact.Sp 3282.JPG,1191,demo-random-seed42
66348a1f-6ca3-43c3-9883-ccf79c8dec89___GCREC_Bact.Sp 3640.JPG,1385,demo-random-seed42
666242bb-ccc7-4085-8d60-05b5eba349c0___GCREC_Bact.Sp 6249.JPG,2485,demo-random-seed42
666a4e4a-47d7-45fe-b381-5cfbb9720045___GCREC_Bact.Sp 6391.JPG,2196,demo-random-seed42
666a5368-e53d-41f2-8fee-4a85f1257b8c___GCREC_Bact.Sp 3163.JPG,1266,demo-random-seed42
669e40d9-4ef8-4f22-82c1-778bf0895ac6___GCREC_Bact.Sp 3166.JPG,1688,demo-random-seed42
66b10743-4e3f-4c82-afb5-3b95d019d88d___GCREC_Bact.Sp 3392.JPG,523,demo-random-seed42
66b55a66-a555-4ee7-aed4-768a22be548d___GCREC_Bact.Sp 5721.JPG,2081,demo-random-seed42
66ba68aa-9004-44d8-91f9-e3bd1de3a183___GCREC_Bact.Sp 5548.JPG,1431,demo-random-seed42
66d7e9de-a3e6-43bf-ae4c-21093164b3a9___UF.GRC_BS_Lab Leaf 1143.JPG,1378,demo-random-seed42
66dfa158-9918-43db-9c9f-5a34d66e86bc___GCREC_Bact.Sp 6005.JPG,1983,demo-random-seed42
66f3960e-72ea-401f-9f74-1cbf6d2d1419___UF.GRC_BS_Lab Leaf 8978.JPG,1637,demo-random-seed42
672e1fd7-2715-48a5-8266-c0c504870d16___GCREC_Bact.Sp 6212.JPG,187,demo-random-seed42
6744d76c-c446-4b9c-bef7-796c0600fa40___GCREC_Bact.Sp 3719.JPG,745,demo-random-seed42
6757fb05-9503-42bc-aa7e-08d083b780aa___GCREC_Bact.Sp 3201.JPG,457,demo-random-seed42
67b11dd7-7d7e-4214-85c4-e7675539251d___GCREC_Bact.Sp 3728.JPG,1901,demo-random-seed42
67b25260-c72a-4ccc-a99b-1e65efbd861c___GCREC_Bact.Sp 6248.JPG,90,demo-random-seed42
67c8bbdb-ba79-4c64-897f-e9052728df45___GCREC_Bact.Sp 3008.JPG,523,demo-random-seed42
67ce4b75-dbd6-446e-bcd6-2f58d407ed04___GCREC_Bact.Sp 3378.JPG,1546,demo-random-seed42
67da0ec7-c06a-4d27-af36-17b4a1630830___GCREC_Bact.Sp 5619.JPG,1798,demo-random-seed42
6855445b-ec04-42c0-bc12-ee8ff64420a0___GCREC_Bact.Sp 3268.JPG,1302,demo-random-seed42
689d9301-7023-4488-9c9e-ba194bbd195b___GCREC_Bact.Sp 3315.JPG,2227,demo-random-seed42
68a2eeb4-4fbd-43bc-ba7f-1721c3a544e3___GCREC_Bact.Sp 5713.JPG,2378,demo-random-seed42
68a97dc7-5cb3-4e41-8017-ae149e568d36___GCREC_Bact.Sp 5849.JPG,341,demo-random-seed42
68b70241-b295-4f1b-b28b-b15cc3e997d3___UF.GRC_BS_Lab Leaf 8601.JPG,2465,demo-random-seed42
68b7d7af-1071-42db-80b7-2d46261b9dff___GCREC_Bact.Sp 6132.JPG,1590,demo-random-seed42
68bc253e-0c0f-4180-8f86-13048c04b26e___GCREC_Bact.Sp 6088.JPG,1646,demo-random-seed42
68d3b083-3c82-4e46-99c3-0d12261ce810___GCREC_Bact.Sp 3281.JPG,246,demo-random-seed42
68dd8df7-2968-4374-9f9c-18914b1ee352___GCREC_Bact.Sp 3783.JPG,1609,demo-random-seed42
69313469-d592-4877-a2a6-4d387988352e___GCREC_Bact.Sp 3855.JPG,1878,demo-random-seed42
698d4680-5dca-497c-a8c9-9978d8e0052a___GCREC_Bact.Sp 6246.JPG,1503,demo-random-seed42
69c8f994-3b9e-4629-9fb9-d06a9cca522e___GCREC_Bact.Sp 5875.JPG,218,demo-random-seed42
6a309da1-f8f4-404f-afb3-f07482a19282___UF.GRC_BS_Lab Leaf 9049.JPG,1354,demo-random-seed42
6a416698-31f1-4625-8c83-195721e70508___GCREC_Bact.Sp 3339.JPG,2422,demo-random-seed42
6a4a7ca5-06c2-44b6-b08c-073d94a01db4___GCREC_Bact.Sp 5960.JPG,1872,demo-random-seed42
6a56a429-b241-428d-9fb7-7ea0b84d2b12___GCREC_Bact.Sp 3246.JPG,355,demo-random-seed42
6a63c776-470d-41a4-b94d-3b90dfd12f0e___GCREC_Bact.Sp 3505.JPG,2484,demo-random-seed42
6b30245b-6c88-4cdb-b170-96bcba1212c4___UF.GRC_BS_Lab Leaf 8765.JPG,2481,demo-random-seed42
6b68592a-aa06-4fac-ac47-b6d341e6f45e___UF.GRC_BS_Lab Leaf 0343.JPG,438,demo-random-seed42
6b6aeb18-f29a-4e58-bd08-5cd1c2fdd598___GCREC_Bact.Sp 5796.JPG,2072,demo-random-seed42
6bbdcbc3-2969-4eec-b375-97bd4272fc89___GCREC_Bact.Sp 3669.JPG,1052,demo-random-seed42
6bde0aa8-4093-4eb1-aa1e-049db77d16a2___UF.GRC_BS_Lab Leaf 8873.JPG,1536,demo-random-seed42
6be0f74e-cc77-417d-9464-fca77edb8079___GCREC_Bact.Sp 3819.JPG,1152,demo-random-seed42
6bf84091-27ed-4be6-9ee1-f031e02ed719___GCREC_Bact.Sp 6343.JPG,2025,demo-random-seed42
6c1529dd-54cb-4e3d-924b-f7f05b6f9a4b___GCREC_Bact.Sp 3269.JPG,2579,demo-random-seed42
6c300ff6-c94d-4065-8354-73a141b1b3d5___GCREC_Bact.Sp 3382.JPG,2057,demo-random-seed42
6c3b5a9c-61fa-4818-ba3b-176cd83e2b19___GCREC_Bact.Sp 5605.JPG,2410,demo-random-seed42
6c60e843-43e5-4983-a406-a77b82d294e2___UF.GRC_BS_Lab Leaf 8811.JPG,2448,demo-random-seed42
6c7d9f03-9847-4776-b5aa-472bedabfeb8___GCREC_Bact.Sp 6336.JPG,233,demo-random-seed42
6c9e726b-8574-4f84-81c3-271e093f8bf2___GCREC_Bact.Sp 3350.JPG,655,demo-random-seed42
6cace5f6-3589-4fb9-bb64-bee6872b8467___UF.GRC_BS_Lab Leaf 0299.JPG,1868,demo-random-seed42
6cb5947c-d06a-4114-932e-ca1b952326c7___GCREC_Bact.Sp 3568.JPG,1527,demo-random-seed42
6ce28ed1-b504-427c-97fe-1ca22d7dd20a___GCREC_Bact.Sp 3061.JPG,129,demo-random-seed42
6ce45b91-cc8a-4026-a1bd-28b1365b78a4___GCREC_Bact.Sp 5597.JPG,245,demo-random-seed42
6cf1c4d7-d99f-4f70-a003-37054e9f617a___GCREC_Bact.Sp 3417.JPG,1347,demo-random-seed42
6cf3dccb-4d7d-430f-b49f-e18de33a65c2___UF.GRC_BS_Lab Leaf 1013.JPG,1594,demo-random-seed42
6d0cbb2e-599e-4637-bb5f-8641dc17e6fb___GCREC_Bact.Sp 3386.JPG,434,demo-random-seed42
6d0dd572-9911-4c87-8493-7dde760c19bf___GCREC_Bact.Sp 3055.JPG,443,demo-random-seed42
6d1aae86-2d68-47ea-9f7e-caef44898e0d___GCREC_Bact.Sp 3839.JPG,334,demo-random-seed42
6d223371-fa3d-496d-a583-cb521b7c203d___GCREC_Bact.Sp 3540.JPG,1462,demo-random-seed42
6d5932e3-485c-40c0-8236-94c771fa9154___GCREC_Bact.Sp 5981.JPG,20,demo-random-seed42
6d746b6c-52f8-4831-b541-c74d0984c130___GCREC_Bact.Sp 3169.JPG,1481,demo-random-seed42
6df85e24-1b90-4305-96d8-9831116e8cdb___GCREC_Bact.Sp 6221.JPG,1231,demo-random-seed42
6e5046d4-95c4-4650-a31e-4ac145669433___GCREC_Bact.Sp 5842.JPG,1205,demo-random-seed42
6e5eb669-4238-4778-aa8d-15b6360d88bd___GCREC_Bact.Sp 5574.JPG,1757,demo-random-seed42
6e8aef28-b9c4-4270-aa79-ca882d3b038e___UF.GRC_BS_Lab Leaf 9247.JPG,1352,demo-random-seed42
6e8eb50a-bb41-4bbd-a9f1-a6c829429cbc___GCREC_Bact.Sp 5891.JPG,1883,demo-random-seed42
6e9172ee-1bb5-49dc-bf23-203b2de71bbd___GCREC_Bact.Sp 3518.JPG,1977,demo-random-seed42
6ec9c8ed-75be-4328-852c-571753d458c1___GCREC_Bact.Sp 6183.JPG,2381,demo-random-seed42
6f211a42-cdd8-4c5c-89b3-17e50f324621___GCREC_Bact.Sp 3569.JPG,2068,demo-random-seed42
6f825e2c-3ee2-4250-8c60-9ec3026d6a85___GCREC_Bact.Sp 3118.JPG,1339,demo-random-seed42
6fb27117-172c-41a3-88c9-8a54380363eb___GCREC_Bact.Sp 3671.JPG,1273,demo-random-seed42
6fbea9aa-cc3b-46be-a066-a762cd659113___GCREC_Bact.Sp 6024.JPG,610,demo-random-seed42
6fea8e75-6d4e-4cbb-93bf-98ef33b57302___GCREC_Bact.Sp 3508.JPG,1551,demo-random-seed42
7007e815-078b-4025-8aaf-89570d8300c4___UF.GRC_BS_Lab Leaf 1203.JPG,360,demo-random-seed42
7007f29f-6c4d-4b83-9bec-6e711d6fa7e0___UF.GRC_BS_Lab Leaf 0722.JPG,2410,demo-random-seed42
703e4fe2-0e0c-4472-afcc-ff72a1d1870c___GCREC_Bact.Sp 3091.JPG,2186,demo-random-seed42
707dc081-60c2-4362-a91e-6c6eacf4d081___GCREC_Bact.Sp 5613.JPG,309,demo-random-seed42
70cbe0b7-6861-45fa-ad12-8766e5316b20___GCREC_Bact.Sp 3175.JPG,2034,demo-random-seed42
70ed1559-2269-4ace-a69c-8fb255ccc2ba___GCREC_Bact.Sp 3030.JPG,303,demo-random-seed42
71206367-de88-4a81-a1e8-c11b27c4e8de___UF.GRC_BS_Lab Leaf 9272.JPG,1866,demo-random-seed42
7140eec5-60f1-49bb-a0dd-4cea65897848___UF.GRC_BS_Lab Leaf 9310.JPG,226,demo-random-seed42
717c7e16-5170-4f12-9e76-cffdfe950803___GCREC_Bact.Sp 3718.JPG,1263,demo-random-seed42
71bbf536-8d96-427e-8dd5-1f330b24aff9___GCREC_Bact.Sp 2982.JPG,1702,demo-random-seed42
71da2612-0ab3-4b9b-981e-f82b41568fca___GCREC_Bact.Sp 6176.JPG,1886,demo-random-seed42
7218c0f5-1083-4b2d-b0da-4c32edb279de___GCREC_Bact.Sp 3286.JPG,1083,demo-random-seed42
7236e643-bb0f-475e-8bb6-41981fc696f4___UF.GRC_BS_Lab Leaf 8747.JPG,2385,demo-random-seed42
72617b0d-a051-4296-a577-5cfd1539d1a9___GCREC_Bact.Sp 2960.JPG,2003,demo-random-seed42
72932bb6-a587-4a72-8e83-867e1a295c92___GCREC_Bact.Sp 3826.JPG,538,demo-random-seed42
72c74c30-e843-42f3-9088-5c3b38e4b736___GCREC_Bact.Sp 3374.JPG,1737,demo-random-seed42
72f6f030-4d51-4f95-9857-de4c07e5dc0e___UF.GRC_BS_Lab Leaf 8661.JPG,1890,demo-random-seed42
72fa443f-fd37-4003-940b-cd96699b13dd___UF.GRC_BS_Lab Leaf 9082.JPG,863,demo-random-seed42
7334e742-de72-4561-9b0d-cdd8bc3313e7___GCREC_Bact.Sp 3066.JPG,1910,demo-random-seed42
736981e7-574c-4d75-b377-f56727bb6e49___GCREC_Bact.Sp 3240.JPG,2324,demo-random-seed42
7410937a-85f8-48ae-bebf-eed37eddf361___GCREC_Bact.Sp 5858.JPG,2114,demo-random-seed42
741e2f09-1b62-42c2-b218-6504d57c0f27___GCREC_Bact.Sp 3302.JPG,1973,demo-random-seed42
744d7841-7130-4c98-b20f-0f6581115783___GCREC_Bact.Sp 5618.JPG,1642,demo-random-seed42
745b1ca0-b6d8-442a-8206-eaa058452b51___GCREC_Bact.Sp 3700.JPG,700,demo-random-seed42
74c63cbe-13e9-4256-aa02-b146cdd16c6b___GCREC_Bact.Sp 3127.JPG,2058,demo-random-seed42
74dee6e6-3d6b-4906-9f8a-d148e8441eee___GCREC_Bact.Sp 3121.JPG,942,demo-random-seed42
75139eaa-5078-4bee-9020-b507b1d23ef1___GCREC_Bact.Sp 3831.JPG,1377,demo-random-seed42
75348d38-1c41-4798-89c9-b99660d937ef___GCREC_Bact.Sp 5602.JPG,813,demo-random-seed42
754dfec2-60c1-4848-803c-21ab8471014e___GCREC_Bact.Sp 3212.JPG,810,demo-random-seed42
75702024-ade9-4eac-b531-77da04d236ee___GCREC_Bact.Sp 6070.JPG,407,demo-random-seed42
75801778-ca08-4e6c-a209-a5eb74564929___GCREC_Bact.Sp 6390.JPG,2487,demo-random-seed42
758e3939-df9b-4595-afa5-4224f8c5b94c___GCREC_Bact.Sp 6035.JPG,382,demo-random-seed42
759331b9-f9ad-4bb7-9870-6cd3a8b84913___GCREC_Bact.Sp 5561.JPG,223,demo-random-seed42
759ba7d2-9535-45b5-a11d-935602edf6cd___GCREC_Bact.Sp 3314.JPG,2422,demo-random-seed42
75f2019c-7bbb-4f1d-ba4f-26464aec3062___GCREC_Bact.Sp 3474.JPG,1436,demo-random-seed42
760d6620-5a8a-4566-92bf-8a3b5a8d81b2___GCREC_Bact.Sp 6188.JPG,1133,demo-random-seed42
767eb77f-de18-4314-a465-4df8d442f468___GCREC_Bact.Sp 5951.JPG,1908,demo-random-seed42
7688c6b6-910a-4f6f-854e-e00bf11ce9b0___UF.GRC_BS_Lab Leaf 9045.JPG,992,demo-random-seed42
76bf0511-84d8-4609-94e6-248bea3d1465___GCREC_Bact.Sp 6032.JPG,331,demo-random-seed42
76dd04b9-ddda-4575-954c-dd3d04ce45aa___GCREC_Bact.Sp 5750.JPG,1888,demo-random-seed42
7712359a-9f55-4d3a-8bb5-c123ebf1957e___GCREC_Bact.Sp 6022.JPG,455,demo-random-seed42
77240aeb-e455-4062-907c-43be7bac78b9___GCREC_Bact.Sp 5964.JPG,1431,demo-random-seed42
776ec720-7e48-4952-b3a4-d2a7b4d7d5f7___GCREC_Bact.Sp 5946.JPG,2456,demo-random-seed42
7791a7b8-52b2-42fa-8aee-71fcae8d9ee4___GCREC_Bact.Sp 6374.JPG,2422,demo-random-seed42
7843b77e-20cc-4721-9eeb-62206d91af0e___GCREC_Bact.Sp 6144.JPG,933,demo-random-seed42
7882b2d6-96d2-43db-968c-5790a9dddc18___GCREC_Bact.Sp 6280.JPG,2019,demo-random-seed42
78981c8c-0a81-45ed-8e6d-5413d7e2f01a___GCREC_Bact.Sp 3554.JPG,1585,demo-random-seed42
78b53dfd-6959-49f2-99a3-b4baa586198d___GCREC_Bact.Sp 6324.JPG,1240,demo-random-seed42
78bbfa5e-89ae-45aa-b2af-8765587861c4___GCREC_Bact.Sp 6262.JPG,362,demo-random-seed42
78c90a7a-a37f-44fa-bc11-38c1823a7af1___GCREC_Bact.Sp 6145.JPG,974,demo-random-seed42
78cfeab2-37b0-478d-ae48-7ecf27e5859f___GCREC_Bact.Sp 3401.JPG,1687,demo-random-seed42
793c4393-0e98-4de2-bbb2-eb0c8412a959___GCREC_Bact.Sp 5621.JPG,2553,demo-random-seed42
79466870-1413-4b75-93e6-31b827cfa3ac___GCREC_Bact.Sp 6043.JPG,12,demo-random-seed42
79710197-654d-49dc-b9c2-1494f4f9f9cf___GCREC_Bact.Sp 3012.JPG,1857,demo-random-seed42
79c394e7-b18a-4f3a-afbb-6d41bdf55660___GCREC_Bact.Sp 3062.JPG,2190,demo-random-seed42
79d8d47a-c8c9-450d-a567-d096b307c532___GCREC_Bact.Sp 2973.JPG,2461,demo-random-seed42
79e4404c-59ae-4ea9-9655-9e942ab9d72c___GCREC_Bact.Sp 6060.JPG,1096,demo-random-seed42
7a267eba-0898-4396-8df8-2434795bdf9b___GCREC_Bact.Sp 5879.JPG,306,demo-random-seed42
7a7d2d5e-2d40-4db5-bd90-ffa09495c0fb___GCREC_Bact.Sp 3838.JPG,701,demo-random-seed42
7a90df1d-f47b-4614-b75c-a997bd61396a___GCREC_Bact.Sp 3043.JPG,2201,demo-random-seed42
7af94581-44a3-4c4b-a6a9-d88d831f0f0a___GCREC_Bact.Sp 3820.JPG,2272,demo-random-seed42
7b0955af-e428-4c82-9834-7158f6cf86db___UF.GRC_BS_Lab Leaf 0509.JPG,1648,demo-random-seed42
7b3ae7bd-0438-47a3-88ef-f8096e0fca60___GCREC_Bact.Sp 3229.JPG,317,demo-random-seed42
7b40e020-e33c-4e9f-8093-d7593b8340dc___GCREC_Bact.Sp 3348.JPG,315,demo-random-seed42
7b5a767a-b17f-42a6-a809-233e5b857ff4___GCREC_Bact.Sp 5819.JPG,1237,demo-random-seed42
7b617326-7dad-416a-99cd-d825f1ea2ec3___GCREC_Bact.Sp 3236.JPG,1522,demo-random-seed42
7b729ecb-5dce-4b92-afa0-4dce3ae45b10___UF.GRC_BS_Lab Leaf 0340.JPG,83,demo-random-seed42
7bc2c7e3-01a8-441a-8aaa-b6cc95c4b17e___GCREC_Bact.Sp 3142.JPG,1775,demo-random-seed42
7bd0f0c4-082e-4da4-ade1-a1d79637949c___GCREC_Bact.Sp 3664.JPG,1409,demo-random-seed42
7bd80f73-7d7e-495e-a9c2-188d649744f7___GCREC_Bact.Sp 3859.JPG,31,demo-random-seed42
7c46d515-2090-4371-a5c2-0af04544b5e6___GCREC_Bact.Sp 3513.JPG,247,demo-random-seed42
7c6b8e90-fd14-4f00-b1cc-1f3e9406fd6d___GCREC_Bact.Sp 5764.JPG,1175,demo-random-seed42
7c81f26b-847a-4781-990c-6b2b84280037___UF.GRC_BS_Lab Leaf 9314.JPG,1870,demo-random-seed42
7c8aaf34-cae5-4699-aba0-088002b7dd29___GCREC_Bact.Sp 6339.JPG,2136,demo-random-seed42
7c95cf7e-17c8-43c5-93ad-4934f2574120___GCREC_Bact.Sp 6279.JPG,1116,demo-random-seed42
7d5c4263-84e6-40c1-ac2d-bb9bfae35890___UF.GRC_BS_Lab Leaf 0905.JPG,764,demo-random-seed42
7d7dec42-befd-43ca-bff4-c669ce75634b___GCREC_Bact.Sp 5987.JPG,2505,demo-random-seed42
7d7eab4f-21d6-4601-9c1e-1ff07404774e___UF.GRC_BS_Lab Leaf 0268.JPG,1186,demo-random-seed42
7e01f9f5-c290-44a2-a850-82ba038551c9___GCREC_Bact.Sp 3696.JPG,816,demo-random-seed42
7e045ecc-bab1-43c8-9b4d-2d7697b20847___GCREC_Bact.Sp 6165.JPG,1144,demo-random-seed42
7e2d95d8-61e7-4b3f-8425-a6bfd53e8490___UF.GRC_BS_Lab Leaf 0402.JPG,31,demo-random-seed42
7e423f77-2947-4e4e-9777-17a780996d39___GCREC_Bact.Sp 5600.JPG,781,demo-random-seed42
7e7479df-7aac-4b5f-9724-db28ca442a74___GCREC_Bact.Sp 3215.JPG,1334,demo-random-seed42
7e7fb1e0-cb8f-43b3-819f-96b4c14b85b1___GCREC_Bact.Sp 3431.JPG,2376,demo-random-seed42
7e863179-3ff3-48e9-8f84-92ec9957e7f3___GCREC_Bact.Sp 6071.JPG,1910,demo-random-seed42
7ea2b89c-9357-444c-8118-007a8f2a2b5d___GCREC_Bact.Sp 5852.JPG,2021,demo-random-seed42
7eb976bd-5203-44c2-85ab-f27a5852a7db___GCREC_Bact.Sp 3360.JPG,1410,demo-random-seed42
7ee48c64-f951-4234-b514-380673bd7648___GCREC_Bact.Sp 6023.JPG,286,demo-random-seed42
7f0a444d-f5ca-4378-a06d-fa94469f2ae1___GCREC_Bact.Sp 3686.JPG,1011,demo-random-seed42
7f374252-2fcd-4dd2-8f48-a1c96bc0e760___GCREC_Bact.Sp 3745.JPG,2580,demo-random-seed42
7f4bdfa1-5d50-476f-9e79-1dbe00572974___GCREC_Bact.Sp 3004.JPG,114,demo-random-seed42
7f62023d-4d14-42af-b98f-ac7fc4280bbf___GCREC_Bact.Sp 5759.JPG,2275,demo-random-seed42
7f9211d8-d3f6-4b8e-917c-0cd74a77bc42___GCREC_Bact.Sp 6276.JPG,1771,demo-random-seed42
7f9db1b1-be27-463e-a47f-18e680239b3d___UF.GRC_BS_Lab Leaf 0616.JPG,734,demo-random-seed42
7fa9aeec-445b-4211-9a30-862070925330___GCREC_Bact.Sp 6396.JPG,2013,demo-random-seed42
7ff1454d-b742-412f-a99c-1c2a8287decb___UF.GRC_BS_Lab Leaf 1132.JPG,2165,demo-random-seed42
8028414c-d126-4b33-b04b-896954de877a___GCREC_Bact.Sp 5734.JPG,111,demo-random-seed42
803dada3-6a01-491a-b743-b1bb21a9af6b___GCREC_Bact.Sp 6093.JPG,275,demo-random-seed42
807ff772-48f7-4e2e-b4ea-e05ce327a9a4___GCREC_Bact.Sp 6213.JPG,1722,demo-random-seed42
80f34939-4339-4402-9686-8237034276bc___GCREC_Bact.Sp 5850.JPG,2585,demo-random-seed42
81497af9-6503-4379-9d8e-240f43f89006___UF.GRC_BS_Lab Leaf 0245.JPG,62,demo-random-seed42
81581795-ff9e-4e07-9135-e421e03d96e9___GCREC_Bact.Sp 5652.JPG,1722,demo-random-seed42
817211b7-a7bf-49a9-bdb8-dc78cba82ab9___GCREC_Bact.Sp 3799.JPG,353,demo-random-seed42
81d0b3fa-4d42-424d-b3f2-3acd69f0db13___GCREC_Bact.Sp 6318.JPG,1682,demo-random-seed42
81e8620d-1331-48b7-8952-9a7ca2378faa___GCREC_Bact.Sp 3698.JPG,1613,demo-random-seed42
81f185f5-2b41-4942-9e84-68886b771aa4___GCREC_Bact.Sp 3535.JPG,234,demo-random-seed42
8227d24c-9e0f-4119-9324-8ba192ba9201___GCREC_Bact.Sp 3299.JPG,1761,demo-random-seed42
822e2ff3-34d5-4634-b82e-2d5cc16c1485___GCREC_Bact.Sp 5990.JPG,2321,demo-random-seed42
8242a847-cd26-45ee-995d-dcec33ba89f3___GCREC_Bact.Sp 3806.JPG,2234,demo-random-seed42
8282af2e-63e1-4522-afed-d9a5210d30ec___GCREC_Bact.Sp 5898.JPG,75,demo-random-seed42
8296a61a-d33d-43a8-bfc9-c094b69f7666___GCREC_Bact.Sp 3784.JPG,636,demo-random-seed42
82aa438d-e17c-4756-8464-59d8c49497e9___GCREC_Bact.Sp 3245.JPG,623,demo-random-seed42
82b7be29-2b51-4ed9-9825-587155c8d53c___GCREC_Bact.Sp 6166.JPG,1173,demo-random-seed42
833f13d8-0efb-4138-9d76-953ba4a88553___GCREC_Bact.Sp 5962.JPG,370,demo-random-seed42
834e7256-4e64-41bf-93e6-60edba4a1e8a___UF.GRC_BS_Lab Leaf 0286.JPG,2211,demo-random-seed42
8359ee8c-ab0e-4aaf-9369-b1a748e4dcf1___GCREC_Bact.Sp 6337.JPG,2010,demo-random-seed42
83881fef-6772-4dea-9e3e-ec32f3ef5ee1___GCREC_Bact.Sp 5818.JPG,2092,demo-random-seed42
83e484bc-0e3e-4e57-b5a4-9e8d85f03cfb___GCREC_Bact.Sp 3837.JPG,512,demo-random-seed42
83ecce4f-12d0-4d5a-8c65-8f0b2b24de73___GCREC_Bact.Sp 3259.JPG,37,demo-random-seed42
841cd513-3d3b-4ba5-ba29-1b7bf5220f9c___GCREC_Bact.Sp 3595.JPG,2356,demo-random-seed42
841ea726-5c4a-4447-9f56-0eda38f002d2___GCREC_Bact.Sp 3388.JPG,747,demo-random-seed42
84397079-5839-431e-97d1-9dfc144f1fff___UF.GRC_BS_Lab Leaf 0486.JPG,1698,demo-random-seed42
8491569f-a7d8-453c-86ae-c2accdc964c9___GCREC_Bact.Sp 5943.JPG,2353,demo-random-seed42
84bbafd6-7a7a-496d-81b9-e406c6c97281___GCREC_Bact.Sp 6147.JPG,93,demo-random-seed42
85079132-5a03-4f38-a5be-46af26d521f5___GCREC_Bact.Sp 3772.JPG,14,demo-random-seed42
854d6b99-1659-4a2b-9380-8e93ef488c2e___GCREC_Bact.Sp 2992.JPG,14,demo-random-seed42
855bbef5-e9fc-4c0c-b3cc-d9321fa9596e___GCREC_Bact.Sp 5947.JPG,404,demo-random-seed42
8571dec5-c1d3-4d91-8b7e-2d1c188bede6___GCREC_Bact.Sp 5683.JPG,133,demo-random-seed42
85a1cefe-dfd8-4f9a-b852-da2aba419be7___GCREC_Bact.Sp 5658.JPG,2122,demo-random-seed42
85b919f4-8fb1-45dc-9b78-71d89a65f4ac___GCREC_Bact.Sp 3849.JPG,1568,demo-random-seed42
85e5327e-52a9-43b4-bc9f-b6d0d8a7c386___GCREC_Bact.Sp 5595.JPG,2536,demo-random-seed42
86186033-c2f7-4ac8-b22a-2a09682fe2b4___GCREC_Bact.Sp 6286.JPG,2074,demo-random-seed42
861b4a16-2ed2-4a27-980a-196e8a26e58e___UF.GRC_BS_Lab Leaf 9305.JPG,2492,demo-random-seed42
86561a43-33f2-4e52-bd0f-a6ed767feef6___GCREC_Bact.Sp 6255.JPG,617,demo-random-seed42
86675a78-d635-447c-85c8-33c683d24092___GCREC_Bact.Sp 6058.JPG,744,demo-random-seed42
867065cd-2f2f-4937-8cf1-ac6aaa695fb6___GCREC_Bact.Sp 5918.JPG,2198,demo-random-seed42
86ab9425-c1a6-41e5-b626-0e63d5fe1706___GCREC_Bact.Sp 3836.JPG,633,demo-random-seed42
86bcf005-a793-4d1f-a767-99548b4c3aa6___GCREC_Bact.Sp 3131.JPG,148,demo-random-seed42
86ea5fc3-b719-46a9-bee2-66eb0b3a217a___GCREC_Bact.Sp 5833.JPG,1731,demo-random-seed42
86f57694-e1ee-490a-a8c0-433674828fb7___GCREC_Bact.Sp 5940.JPG,2072,demo-random-seed42
871cb1d1-91e5-4f1b-b0c0-a7055b8e90e1___GCREC_Bact.Sp 3789.JPG,2505,demo-random-seed42
8731c86e-26c5-4c48-8b07-28abbda69a1b___GCREC_Bact.Sp 3183.JPG,2401,demo-random-seed42
877bc01d-0ab2-4a8f-bbd8-44646bdb84d7___UF.GRC_BS_Lab Leaf 0529.JPG,311,demo-random-seed42
879bb942-2577-425e-8781-9dfb540d98ac___GCREC_Bact.Sp 6072.JPG,1998,demo-random-seed42
87cfe0ca-e9cc-4a35-a01e-ffe71eab482c___GCREC_Bact.Sp 6133.JPG,2189,demo-random-seed42
87de72a0-fb7c-493a-bec6-227f39b44f96___GCREC_Bact.Sp 5861.JPG,1806,demo-random-seed42
8833a1e2-425e-4902-9883-2727ad858d23___UF.GRC_BS_Lab Leaf 9103.JPG,2121,demo-random-seed42
88374bc5-deba-4ad3-b45a-8996cc76fe97___GCREC_Bact.Sp 3803.JPG,2168,demo-random-seed42
885267b9-f4e5-4005-97f4-2f527accb859___GCREC_Bact.Sp 3217.JPG,1155,demo-random-seed42
885c07cf-7443-4cc6-ba15-cc8e75aa7ebe___GCREC_Bact.Sp 6016.JPG,103,demo-random-seed42
887eab5c-9475-46b7-81df-ea2c5190e7fe___GCREC_Bact.Sp 6026.JPG,1180,demo-random-seed42
88952ffa-2794-4088-8e71-ea69de1dc141___GCREC_Bact.Sp 3612.JPG,522,demo-random-seed42
8897f549-538f-46d9-a2f7-53eb07e7f89d___UF.GRC_BS_Lab Leaf 8885.JPG,294,demo-random-seed42
88a4e8ec-ef71-4847-b778-90eae647f331___UF.GRC_BS_Lab Leaf 0640.JPG,323,demo-random-seed42
88bf3dc8-0584-4132-af28-5f4848dbc450___GCREC_Bact.Sp 6397.JPG,1804,demo-random-seed42
88cb990c-385b-4d79-89f4-f1a8698a2845___GCREC_Bact.Sp 5576.JPG,1305,demo-random-seed42
88cc038d-6215-45de-a0e7-26cb701e96e2___GCREC_Bact.Sp 3494.JPG,1397,demo-random-seed42
88f0b60f-1758-449a-afee-16c95edc6355___GCREC_Bact.Sp 2979.JPG,1928,demo-random-seed42
88f636cd-922e-46b2-a630-200a002f3da3___GCREC_Bact.Sp 3000.JPG,1418,demo-random-seed42
88fbe274-cf0e-41f5-8b70-e36ec490f043___GCREC_Bact.Sp 6047.JPG,1630,demo-random-seed42
891189aa-f345-470c-91ad-509bae4bf611___GCREC_Bact.Sp 3277.JPG,222,demo-random-seed42
892f8dc8-7076-46f4-84f4-a9d8c4546ab5___GCREC_Bact.Sp 3658.JPG,2202,demo-random-seed42
89574ff7-f883-44a9-85c4-e9fc2cf16033___GCREC_Bact.Sp 6079.JPG,1161,demo-random-seed42
89cd8d83-c3bb-49ca-9561-d92874511f80___GCREC_Bact.Sp 6037.JPG,401,demo-random-seed42
89d38697-ff15-4cd6-95f6-2c563585a564___GCREC_Bact.Sp 6075.JPG,2104,demo-random-seed42
89e634fd-a7e1-4e7e-8c95-cbdcd96dd381___GCREC_Bact.Sp 3721.JPG,1901,demo-random-seed42
8a19d8fe-d257-40b7-9c98-34dc3d7bc39e___GCREC_Bact.Sp 5873.JPG,137,demo-random-seed42
8a440254-30e5-4381-8294-e2513347d7c1___GCREC_Bact.Sp 5901.JPG,499,demo-random-seed42
8a5ddf5c-d342-4729-95cc-e846494d37ed___GCREC_Bact.Sp 3130.JPG,40,demo-random-seed42
8a9a8f3a-945b-4921-87a2-2532654a0092___GCREC_Bact.Sp 6059.JPG,700,demo-random-seed42
8aa16ab8-dd90-4293-a577-88006fd26365___GCREC_Bact.Sp 3712.JPG,258,demo-random-seed42
8aec5b56-9ab2-4337-9544-c619d25650d7___GCREC_Bact.Sp 3579.JPG,1837,demo-random-seed42
8afd7ba7-45ef-4d35-ac46-4e5e0b83301f___GCREC_Bact.Sp 3711.JPG,1352,demo-random-seed42
8b1a6730-4e10-4864-bdfb-4f454f7ef87c___GCREC_Bact.Sp 3132.JPG,2536,demo-random-seed42
8b4f1638-2795-4da0-8aa6-06792870bf86___GCREC_Bact.Sp 3591.JPG,1939,demo-random-seed42
8ba984dc-b9f0-4367-8a27-8486ceacf09a___GCREC_Bact.Sp 3225.JPG,1582,demo-random-seed42
8bae19e3-0db1-423f-a588-665eb7f08eb9___GCREC_Bact.Sp 6355.JPG,1318,demo-random-seed42
8bd2f1ec-3094-479f-9210-f7fba270922d___GCREC_Bact.Sp 6256.JPG,141,demo-random-seed42
8bf28323-446a-4cdd-bb99-0920cda26e41___UF.GRC_BS_Lab Leaf 8907.JPG,181,demo-random-seed42
8c3a26fe-2c28-4f55-9a5b-3d8b2be54502___GCREC_Bact.Sp 3682.JPG,1595,demo-random-seed42
8c556686-072a-4d3a-aad6-4e5534611f03___GCREC_Bact.Sp 5825.JPG,11,demo-random-seed42
8c5c248e-4262-407b-9933-4e08018433ea___GCREC_Bact.Sp 3140.JPG,109,demo-random-seed42
8c780548-b142-4d08-b98d-22492ef5cc4f___UF.GRC_BS_Lab Leaf 8972.JPG,567,demo-random-seed42
8c84bc07-0e52-4584-ba94-793b136eead2___GCREC_Bact.Sp 2950.JPG,2288,demo-random-seed42
8c93a024-3aea-440e-b504-9251758d71e7___GCREC_Bact.Sp 6065.JPG,1187,demo-random-seed42
8c9604f7-33d8-4212-8c28-43508c7a3c08___GCREC_Bact.Sp 3716.JPG,1836,demo-random-seed42
8c9f86a5-70df-4ab0-bb33-1bd4ea9cb91e___UF.GRC_BS_Lab Leaf 0846.JPG,1065,demo-random-seed42
8ca44da6-e5e7-42d5-a84b-81fa7420de3a___GCREC_Bact.Sp 6270.JPG,448,demo-random-seed42
8ce30140-8d8b-4a58-81f1-8efd2655a907___GCREC_Bact.Sp 3180.JPG,960,demo-random-seed42
8d3da3fa-39d6-4505-9c64-f999c82e0e9a___GCREC_Bact.Sp 6352.JPG,237,demo-random-seed42
8d4ca679-c45e-4d6a-934c-2dc64684c53e___GCREC_Bact.Sp 3774.JPG,1993,demo-random-seed42
8d51e875-d780-41a6-958a-44e3279ad058___GCREC_Bact.Sp 6184.JPG,474,demo-random-seed42
8d56489d-58dc-43d8-a399-906b18b78566___GCREC_Bact.Sp 3081.JPG,974,demo-random-seed42
8d79a02d-108c-4edc-ba25-9eb38a107093___UF.GRC_BS_Lab Leaf 0560.JPG,2536,demo-random-seed42
8d7aa2cd-626d-4893-8e7d-b34aa495f8cf___GCREC_Bact.Sp 6385.JPG,1532,demo-random-seed42
8dabe407-48fd-4cd2-9210-0dffdf259cb3___GCREC_Bact.Sp 3549.JPG,1186,demo-random-seed42
8dbf81aa-7085-4707-9374-9be792a0fd4a___GCREC_Bact.Sp 3275.JPG,1405,demo-random-seed42
8dea4cc9-85a5-412f-b16b-6bd339b9429d___GCREC_Bact.Sp 6069.JPG,2029,demo-random-seed42
8dee1c17-ae17-4392-92c5-acee82c83c86___GCREC_Bact.Sp 3747.JPG,658,demo-random-seed42
8dfa0112-8bb4-411d-a2f2-f97f1f39df62___GCREC_Bact.Sp 5714.JPG,1647,demo-random-seed42
8e2b3e53-24b7-4817-a50f-c5e972b9ae83___GCREC_Bact.Sp 5856.JPG,2258,demo-random-seed42
8e41531c-42e8-4a0d-b453-7aae50fdfe94___GCREC_Bact.Sp 3552.JPG,1481,demo-random-seed42
8e559e85-d5dc-426d-9374-ac558e86771c___GCREC_Bact.Sp 6007.JPG,1155,demo-random-seed42
8e7bdca5-a018-4553-9571-2f631eb5de6c___UF.GRC_BS_Lab Leaf 0417.JPG,375,demo-random-seed42
8e97cba6-8d12-420d-b2a7-914af21e0c7b___GCREC_Bact.Sp 6066.JPG,642,demo-random-seed42
8ea20132-2bfb-4beb-bda6-88f1f4bb8936___GCREC_Bact.Sp 3103.JPG,2448,demo-random-seed42
8eaf0808-40a2-40a0-987d-793b5cbab81f___GCREC_Bact.Sp 3585.JPG,1400,demo-random-seed42
8ee624c1-b070-486f-b322-7b87b254df8d___GCREC_Bact.Sp 6242.JPG,779,demo-random-seed42
8eea255c-3cb6-49bf-938c-da2b85dfe40a___UF.GRC_BS_Lab Leaf 0294.JPG,1082,demo-random-seed42
8f48f7db-d8fd-42be-a347-904e944038df___UF.GRC_BS_Lab Leaf 8730.JPG,1495,demo-random-seed42
8f5439b2-dd11-4410-a0c0-1446c13c30b5___GCREC_Bact.Sp 3448.JPG,1391,demo-random-seed42
8f6373d0-3b5a-4c5f-8b45-e5efe5a2fb5f___GCREC_Bact.Sp 5711.JPG,1811,demo-random-seed42
8f8a9761-5871-48ab-a620-723d0e2312f6___GCREC_Bact.Sp 5596.JPG,666,demo-random-seed42
8fb90166-3c4a-4553-a920-54b529dbaf24___UF.GRC_BS_Lab Leaf 0271.JPG,1680,demo-random-seed42
8ff89c36-cac0-4ed5-ac93-206411247229___GCREC_Bact.Sp 6377.JPG,1145,demo-random-seed42
90107060-4458-44d1-a2b3-20cd9e3d4d11___GCREC_Bact.Sp 5728.JPG,2434,demo-random-seed42
90242b8c-be8b-4d1e-b1f2-c593082f5286___GCREC_Bact.Sp 5804.JPG,408,demo-random-seed42
9040e017-35a4-4f74-a327-7c7d6f20ef65___GCREC_Bact.Sp 5578.JPG,384,demo-random-seed42
90550e5f-503e-454c-a312-06f864ff0dbb___GCREC_Bact.Sp 3352.JPG,1194,demo-random-seed42
90658246-1e73-4771-942c-17722d5e4634___GCREC_Bact.Sp 2967.JPG,1315,demo-random-seed42
90c73b3d-1467-4c37-81d0-a264e13348a6___GCREC_Bact.Sp 3147.JPG,1787,demo-random-seed42
90fa8cf2-fc80-4944-9484-7cd6bb6cc1da___GCREC_Bact.Sp 5767.JPG,1045,demo-random-seed42
90fb6585-1316-4fa1-ab9c-6a1873e050b5___GCREC_Bact.Sp 3208.JPG,2364,demo-random-seed42
9114dc96-caf5-4c80-970f-9ee7716894b9___UF.GRC_BS_Lab Leaf 0728.JPG,1227,demo-random-seed42
9116dd54-7abc-4e0e-b477-c7f361b8def4___GCREC_Bact.Sp 5899.JPG,334,demo-random-seed42
91592d84-fcea-49ca-a09a-752c12b4d3fe___GCREC_Bact.Sp 3093.JPG,308,demo-random-seed42
916574f0-df2f-4d9e-8ba1-0dbd7b702229___UF.GRC_BS_Lab Leaf 0624.JPG,2519,demo-random-seed42
917d2a35-8054-4088-9fd4-2d7d5c5f895c___GCREC_Bact.Sp 3264.JPG,347,demo-random-seed42
919a61ac-2dc9-4eb7-8503-3b04fc0ce109___UF.GRC_BS_Lab Leaf 0303.JPG,2453,demo-random-seed42
919da9f4-c9aa-4c11-a383-17fdc98876c0___GCREC_Bact.Sp 5809.JPG,719,demo-random-seed42
91d2b551-c853-41b2-80b5-f982f6c30553___GCREC_Bact.Sp 2983.JPG,241,demo-random-seed42
922b7e68-efd3-47d2-9f22-cbce9a45241d___GCREC_Bact.Sp 6357.JPG,788,demo-random-seed42
928c16b7-3be2-4646-b108-73c669974a7c___GCREC_Bact.Sp 3603.JPG,1590,demo-random-seed42
92ad5b62-cec5-424b-81a6-38b6c40c0c89___GCREC_Bact.Sp 6042.JPG,1107,demo-random-seed42
92da1c91-9a0e-4124-b596-1a5bb9018048___GCREC_Bact.Sp 5611.JPG,2033,demo-random-seed42
931d9484-8912-49c3-bc82-d849927c9a16___GCREC_Bact.Sp 3694.JPG,1581,demo-random-seed42
933ab25a-428f-4d5b-b519-9a870444093e___GCREC_Bact.Sp 5936.JPG,1037,demo-random-seed42
93425b8b-4f69-47ec-bbd7-15723bd9b563___GCREC_Bact.Sp 6004.JPG,1642,demo-random-seed42
93725854-5d37-48e9-872d-64c38f0462b1___UF.GRC_BS_Lab Leaf 0940.JPG,2514,demo-random-seed42
93f19f54-a7c0-4eed-b7d7-6acfe9e2a2d7___GCREC_Bact.Sp 5827.JPG,1065,demo-random-seed42
93fb2f61-879a-441a-a446-5789c81b4249___UF.GRC_BS_Lab Leaf 0432.JPG,397,demo-random-seed42
94096d9a-28b6-48b8-a7c4-8b4fa2885561___UF.GRC_BS_Lab Leaf 0213.JPG,1057,demo-random-seed42
9414280e-9042-4dcc-88a5-1dabc5b4016d___GCREC_Bact.Sp 3206.JPG,2174,demo-random-seed42
942627c0-ec98-4b60-8e2e-520166b51d5e___UF.GRC_BS_Lab Leaf 0492.JPG,563,demo-random-seed42
94532bf7-7d74-455a-8526-938c93da0d63___UF.GRC_BS_Lab Leaf 9226.JPG,2456,demo-random-seed42
945f1d4c-7a9f-48e0-98a5-da3e2976077a___GCREC_Bact.Sp 3368.JPG,1522,demo-random-seed42
9484f784-b2c1-4bba-b085-ccf981c01d31___GCREC_Bact.Sp 6267.JPG,1556,demo-random-seed42
9496a9b6-5474-4163-bfa0-2e3d25ca252d___GCREC_Bact.Sp 3489.JPG,820,demo-random-seed42
94b68133-38b9-41e4-bb22-131f28bcba20___GCREC_Bact.Sp 6292.JPG,2382,demo-random-seed42
94d4258f-e148-4b1f-a38b-8679ababce17___UF.GRC_BS_Lab Leaf 0229.JPG,93,demo-random-seed42
954aa39d-2c24-477c-988f-ec4f75c5f05c___GCREC_Bact.Sp 5797.JPG,772,demo-random-seed42
955d6942-0e13-4221-b349-266e5ae9cc56___GCREC_Bact.Sp 5859.JPG,1082,demo-random-seed42
9579c6c6-2bd1-4bd9-ba38-22791662a30e___GCREC_Bact.Sp 3544.JPG,1235,demo-random-seed42
95a89332-3fb0-49cd-98f4-3f1551ebcd6f___UF.GRC_BS_Lab Leaf 0406.JPG,1227,demo-random-seed42
95c643fe-b526-467b-bc19-65e0f5f745f8___GCREC_Bact.Sp 6378.JPG,382,demo-random-seed42
962399bf-bc19-48a8-99b1-92b2963c2dcd___UF.GRC_BS_Lab Leaf 1074.JPG,583,demo-random-seed42
965f8fae-c0d9-44a1-a203-3335b5f1fb74___GCREC_Bact.Sp 3391.JPG,246,demo-random-seed42
967c57c6-5e39-4dae-ba99-40bea44e8dee___UF.GRC_BS_Lab Leaf 0901.JPG,1481,demo-random-seed42
967e3fd5-f8b1-47af-a3c4-d22f0386b013___GCREC_Bact.Sp 5606.JPG,908,demo-random-seed42
970f1e35-eca5-4011-9d93-be6566f27389___GCREC_Bact.Sp 3525.JPG,1464,demo-random-seed42
970fcaf8-57a8-4219-810b-291ef0283e7a___UF.GRC_BS_Lab Leaf 9285.JPG,1526,demo-random-seed42
97135339-c428-4fec-9805-718d83ef7fcf___GCREC_Bact.Sp 5722.JPG,1816,demo-random-seed42
971d1645-3708-40ed-a3ed-25e5e3a9d393___UF.GRC_BS_Lab Leaf 9094.JPG,1415,demo-random-seed42
974bfda6-f0ea-48a4-965e-9346c8f2f17b___GCREC_Bact.Sp 6237.JPG,1676,demo-random-seed42
97df90cb-22f1-464d-8084-2b63abd4dc99___GCREC_Bact.Sp 3311.JPG,1519,demo-random-seed42
97f376a8-3781-4f2f-8fec-6a8150247d1e___GCREC_Bact.Sp 3387.JPG,1688,demo-random-seed42
9826cf0e-f124-4262-a994-b43027c2484a___GCREC_Bact.Sp 5781.JPG,1595,demo-random-seed42
984f7f9e-23ff-4a33-979a-5580b3fc5146___GCREC_Bact.Sp 3846.JPG,818,demo-random-seed42
986cde2a-3f8b-438d-8380-c5a8ff0a4993___UF.GRC_BS_Lab Leaf 8940.JPG,637,demo-random-seed42
9886ea69-5a4e-4fa4-9e41-e9f65884ba9e___GCREC_Bact.Sp 3199.JPG,2037,demo-random-seed42
98abbc97-8dd1-4e70-af78-d88b0c26aaf9___GCREC_Bact.Sp 5922.JPG,886,demo-random-seed42
98d7bfb4-4200-453f-8ebb-98019900a55c___GCREC_Bact.Sp 6201.JPG,1421,demo-random-seed42
98df469d-20d0-4b6e-aae3-617473f3081f___GCREC_Bact.Sp 5792.JPG,509,demo-random-seed42
98e5ec0a-f392-4c23-8132-815e93c06e07___GCREC_Bact.Sp 3293.JPG,1116,demo-random-seed42
98f8190e-9d84-4962-a833-a48643a91d4d___GCREC_Bact.Sp 3753.JPG,1370,demo-random-seed42
99044ddb-da2a-4b32-bc11-67e57cb2b807___UF.GRC_BS_Lab Leaf 0749.JPG,1620,demo-random-seed42
990802e1-42e5-4646-8051-f07027f6ca2c___GCREC_Bact.Sp 3213.JPG,1362,demo-random-seed42
990e1cbf-b978-478e-b332-d12b3855fd57___GCREC_Bact.Sp 6223.JPG,933,demo-random-seed42
9920ea08-d9d7-464c-addb-c6ecebddf420___GCREC_Bact.Sp 5880.JPG,2489,demo-random-seed42
9981b824-96f2-4fc7-834b-4299efcdfab3___GCREC_Bact.Sp 5865.JPG,1326,demo-random-seed42
99b512f5-bec4-4f7d-b817-9b2990f08cc7___UF.GRC_BS_Lab Leaf 9160.JPG,2091,demo-random-seed42
99ccffe8-2bfa-4032-91a4-81287f9d37fb___GCREC_Bact.Sp 5805.JPG,1906,demo-random-seed42
99d88c52-3060-4503-a1e8-6ebaf505107b___GCREC_Bact.Sp 6308.JPG,1444,demo-random-seed42
99d9e67d-e547-428f-9a2b-41017bd36d67___GCREC_Bact.Sp 3375.JPG,2294,demo-random-seed42
99dd70e6-925c-43df-b82a-66137e9663a4___GCREC_Bact.Sp 5848.JPG,331,demo-random-seed42
9a124e24-d9d2-43f3-b2b9-968e4422744c___GCREC_Bact.Sp 5998.JPG,2383,demo-random-seed42
9a1bfa95-467f-4bf4-8595-d19c63012558___GCREC_Bact.Sp 6268.JPG,2200,demo-random-seed42
9a323188-21b6-404a-b5f5-995915dd861f___GCREC_Bact.Sp 6083.JPG,1303,demo-random-seed42
9a49c63a-b86d-4815-a1d2-0800ec359f9f___UF.GRC_BS_Lab Leaf 0304.JPG,1898,demo-random-seed42
9a8c7e68-6887-40f1-b0f4-94bb5b678264___UF.GRC_BS_Lab Leaf 0399.JPG,1346,demo-random-seed42
9a9e2a16-a9b3-44b9-8de8-be36b76b03ee___GCREC_Bact.Sp 5549.JPG,695,demo-random-seed42
9ae5c3fd-c13c-47f1-bd58-eee112ef3b20___GCREC_Bact.Sp 6149.JPG,2070,demo-random-seed42
9af2b6a5-23a1-4ac9-b635-6018589c9d25___GCREC_Bact.Sp 3371.JPG,636,demo-random-seed42
9b7a21d9-f997-4313-ac5d-9b82e74c6773___UF.GRC_BS_Lab Leaf 9194.JPG,813,demo-random-seed42
9be85690-9fdb-4ddd-b007-686bc4074786___GCREC_Bact.Sp 5780.JPG,1343,demo-random-seed42
9bfadeb9-dc2c-45fb-b687-7ae6f3dcc906___UF.GRC_BS_Lab Leaf 8789.JPG,2167,demo-random-seed42
9c25e7f8-d28f-4884-b1e4-293584fca4cb___GCREC_Bact.Sp 6199.JPG,993,demo-random-seed42
9c3a4307-482e-4323-9a3d-00ebadb616d2___UF.GRC_BS_Lab Leaf 0751.JPG,1278,demo-random-seed42
9cb02c7d-6a6e-4e30-bce8-ea903db9b475___GCREC_Bact.Sp 5641.JPG,107,demo-random-seed42
9ceed44d-e9ae-416f-b5d7-4e96d8a5390f___UF.GRC_BS_Lab Leaf 0590.JPG,299,demo-random-seed42
9da4708d-8ea4-406f-8850-7fd97efbd129___UF.GRC_BS_Lab Leaf 8969.JPG,144,demo-random-seed42
9db59731-040c-48ae-9a88-87c427ba120d___GCREC_Bact.Sp 3668.JPG,186,demo-random-seed42
9db76d87-45bd-4843-a9b8-8f10a85a302c___GCREC_Bact.Sp 3714.JPG,2247,demo-random-seed42
9de6c73c-49a3-4cd4-bc44-283a96b12328___GCREC_Bact.Sp 3574.JPG,2179,demo-random-seed42
9e643ad9-f96c-4f1d-a980-2a82dc72945a___GCREC_Bact.Sp 3704.JPG,2127,demo-random-seed42
9e6a8241-00d3-474b-a664-1f67015d5187___UF.GRC_BS_Lab Leaf 0309.JPG,143,demo-random-seed42
9e748aef-42d5-429b-b2c6-c95dfa581331___GCREC_Bact.Sp 3363.JPG,200,demo-random-seed42
9ec2ee25-8006-49f3-bde0-fb26f37a62f2___GCREC_Bact.Sp 3421.JPG,726,demo-random-seed42
9edd8354-16cf-4d2d-ae1a-7b274e31a665___GCREC_Bact.Sp 5869.JPG,1462,demo-random-seed42
9f3071fe-2426-4ab2-9685-d3bbed8163f3___GCREC_Bact.Sp 6172.JPG,864,demo-random-seed42
9f3bb55d-b52d-4be3-b89b-e7c8cbe8e131___GCREC_Bact.Sp 3112.JPG,1261,demo-random-seed42
9f7e3b19-dd2c-4e1f-b339-d0c180d2c453___GCREC_Bact.Sp 5810.JPG,447,demo-random-seed42
9f9da1c1-3c47-4e3c-a673-9a20e7f745b6___GCREC_Bact.Sp 3547.JPG,1891,demo-random-seed42
9fbe6dac-da52-419e-9a57-b56f94d5c910___GCREC_Bact.Sp 5837.JPG,812,demo-random-seed42
9fcfc450-dfc6-4749-bdf7-0cea7801dd84___GCREC_Bact.Sp 5821.JPG,172,demo-random-seed42
9fd8050c-519c-491b-a4a7-fa7090623f89___GCREC_Bact.Sp 3045.JPG,1922,demo-random-seed42
a00ce27e-dd79-4ef4-a483-545499246e71___GCREC_Bact.Sp 5986.JPG,2336,demo-random-seed42
a036424b-a20f-438b-895d-3d6cd284822c___GCREC_Bact.Sp 5644.JPG,37,demo-random-seed42
a041286d-15de-4137-a8ce-d194e04905cc___GCREC_Bact.Sp 3556.JPG,1130,demo-random-seed42
a04e5c65-ae00-495e-b732-6c7030e32fc1___GCREC_Bact.Sp 2962.JPG,2140,demo-random-seed42
a07259f0-2125-49df-ab32-c058eebf17f2___UF.GRC_BS_Lab Leaf 0218.JPG,1827,demo-random-seed42
a0b883b2-3c90-41f0-a3fa-b47eac1f5812___UF.GRC_BS_Lab Leaf 9013.JPG,2216,demo-random-seed42
a0be793f-3831-4101-9142-69986edb313e___UF.GRC_BS_Lab Leaf 0801.JPG,1074,demo-random-seed42
a0ec622e-0819-47ad-9970-2591846757d6___GCREC_Bact.Sp 6371.JPG,963,demo-random-seed42
a0eff094-61e4-42fc-999c-a290cc4c776d___GCREC_Bact.Sp 5708.JPG,1835,demo-random-seed42
a0fb8315-0051-4631-bcc7-2ef60e9d63c8___GCREC_Bact.Sp 6114.JPG,397,demo-random-seed42
a10e3222-dd42-4c61-a0dd-f2e7848e473c___UF.GRC_BS_Lab Leaf 0828.JPG,619,demo-random-seed42
a114e770-fcce-48a2-8ffc-a665fae9e7f9___UF.GRC_BS_Lab Leaf 0977.JPG,1554,demo-random-seed42
a1166af0-6310-46bc-99ed-14215a18eb18___GCREC_Bact.Sp 3625.JPG,1729,demo-random-seed42
a129e8eb-e2b4-4a8a-a509-f6625da6b11c___GCREC_Bact.Sp 3002.JPG,309,demo-random-seed42
a1512ab0-2174-47fe-9edf-d1cef4268a2b___GCREC_Bact.Sp 3427.JPG,1315,demo-random-seed42
a18d9608-18d6-4d61-bee8-bed85e479663___GCREC_Bact.Sp 3484.JPG,944,demo-random-seed42
a19a6fda-96bc-4ae1-821e-765518e86d00___GCREC_Bact.Sp 5844.JPG,1298,demo-random-seed42
a1ac8962-f625-4f06-b896-5ee4e5c2fcc8___UF.GRC_BS_Lab Leaf 0666.JPG,2480,demo-random-seed42
a1d009f1-ed05-40a3-a0c0-68c4a36c0ca2___GCREC_Bact.Sp 3381.JPG,198,demo-random-seed42
a1d8e2a7-c4c9-42d2-8a0d-bcf04053412f___GCREC_Bact.Sp 5672.JPG,2576,demo-random-seed42
a1f6fda4-d03d-493d-b4f4-14098f1e2c57___UF.GRC_BS_Lab Leaf 1114.JPG,1163,demo-random-seed42
a1fcf5e9-e7e3-4c4f-8e7b-416f385fa8f9___GCREC_Bact.Sp 3791.JPG,1998,demo-random-seed42
a207f1b6-9f64-4d3c-80ca-db47faa91c97___GCREC_Bact.Sp 2951.JPG,1098,demo-random-seed42
a2347956-94dc-441c-80b4-f663e8b2edbd___GCREC_Bact.Sp 6054.JPG,804,demo-random-seed42
a23ea57b-2216-4d91-a89f-aa5312d0f24c___GCREC_Bact.Sp 3567.JPG,1994,demo-random-seed42
a2458c0c-9032-4843-ac16-e12559e382ea___GCREC_Bact.Sp 5765.JPG,1779,demo-random-seed42
a2591a35-c7ed-4115-9ce5-45fb655cab8a___GCREC_Bact.Sp 6294.JPG,372,demo-random-seed42
a27456ac-f18e-4d71-841b-a9efb26d5031___GCREC_Bact.Sp 5766.JPG,1825,demo-random-seed42
a2b9fd44-1a96-40ea-9c22-e46121316355___UF.GRC_BS_Lab Leaf 8664.JPG,1948,demo-random-seed42
a2e2a626-aafb-4383-8fa8-cc4d2071348a___GCREC_Bact.Sp 3125.JPG,1003,demo-random-seed42
a2ea3cb7-5c9e-4d3c-9e6c-42f7eb5f98a4___GCREC_Bact.Sp 6076.JPG,2395,demo-random-seed42
a302713e-7881-418b-99af-7e4cae814f79___GCREC_Bact.Sp 3536.JPG,1658,demo-random-seed42
a3085acc-b437-4987-997b-a2be5b5e9c0d___GCREC_Bact.Sp 3680.JPG,863,demo-random-seed42
a342423d-7c62-4fcd-a9c6-d92d586b5023___GCREC_Bact.Sp 3754.JPG,27,demo-random-seed42
a346d735-b67a-4838-b6b2-917e896fbd62___GCREC_Bact.Sp 2996.JPG,1746,demo-random-seed42
a37c30d3-2d4a-49f0-af5b-5ddc9c37baf8___GCREC_Bact.Sp 6038.JPG,541,demo-random-seed42
a39109dc-8814-4066-af60-a3f986609122___GCREC_Bact.Sp 3857.JPG,1957,demo-random-seed42
a3df33d5-b1e6-49f8-93c4-013e47b5acc3___GCREC_Bact.Sp 3044.JPG,1358,demo-random-seed42
a3f46db1-a45c-4afa-9c80-86b4169459b9___GCREC_Bact.Sp 5754.JPG,1207,demo-random-seed42
a3f7725c-9df0-4bd0-9cad-7a209ed4a16d___GCREC_Bact.Sp 3465.JPG,423,demo-random-seed42
a4106180-8662-4e07-b7dd-3a80c7fd08dd___GCREC_Bact.Sp 6230.JPG,1841,demo-random-seed42
a41bdd7e-869b-4341-8023-cfd057efd537___GCREC_Bact.Sp 6278.JPG,429,demo-random-seed42
a4208fb2-ff57-41f1-bc52-30d69736076c___GCREC_Bact.Sp 3441.JPG,1081,demo-random-seed42
a421ed13-63ae-47a3-b245-8156716e4a77___GCREC_Bact.Sp 3685.JPG,2164,demo-random-seed42
a4589640-8a5e-4714-8d00-13f448b437f2___UF.GRC_BS_Lab Leaf 0633.JPG,2381,demo-random-seed42
a49f9691-ea2f-435a-be3e-603f5efd3cbf___GCREC_Bact.Sp 6013.JPG,2559,demo-random-seed42
a4bbf5a4-eed0-4f21-8bb3-3cf3bb17f7cd___GCREC_Bact.Sp 3177.JPG,2479,demo-random-seed42
a54fa73d-5d09-4cfd-a796-75112b088611___GCREC_Bact.Sp 3581.JPG,1438,demo-random-seed42
a5546a72-78b9-4e79-8c7b-4b6c84de22aa___GCREC_Bact.Sp 3676.JPG,518,demo-random-seed42
a554c4d2-6eb9-438f-ae54-9477b0428ddf___GCREC_Bact.Sp 5570.JPG,2171,demo-random-seed42
a5742cd1-e1a5-4967-a136-c9a2db864fe3___UF.GRC_BS_Lab Leaf 8982.JPG,2074,demo-random-seed42
a58a9c80-0f76-42ac-8f85-a734ea417286___GCREC_Bact.Sp 3017.JPG,2562,demo-random-seed42
a5918d40-3a3e-4dd9-a087-c0737bbebdc3___GCREC_Bact.Sp 3024.JPG,1684,demo-random-seed42
a601d086-0999-4318-ac04-a4bbc7b64e5e___GCREC_Bact.Sp 2975.JPG,366,demo-random-seed42
a64426cf-07b4-492c-b1fa-e7368a8f0cb8___GCREC_Bact.Sp 5601.JPG,1301,demo-random-seed42
a658a5b1-c587-4757-81a8-a299b0944616___GCREC_Bact.Sp 6019.JPG,1160,demo-random-seed42
a670a03a-d0f1-4d5c-817b-056746be8bd2___UF.GRC_BS_Lab Leaf 0279.JPG,2181,demo-random-seed42
a69cf9dd-83c8-4b5c-8cd2-dbcba3aa1eb7___UF.GRC_BS_Lab Leaf 8884.JPG,1015,demo-random-seed42
a6bbc7a3-0281-4fcc-b480-0917f3416908___UF.GRC_BS_Lab Leaf 9054.JPG,850,demo-random-seed42
a6c99119-aca8-43e0-bb73-5616aa205bbc___GCREC_Bact.Sp 5577.JPG,207,demo-random-seed42
a6ca304c-7364-42eb-81d5-2578d8562197___GCREC_Bact.Sp 3461.JPG,2162,demo-random-seed42
a6d6640b-c086-44f5-a53f-8cb59f72a7b4___GCREC_Bact.Sp 5886.JPG,1954,demo-random-seed42
a7059350-86ef-4cc0-935d-c9cb678380cd___GCREC_Bact.Sp 6392.JPG,106,demo-random-seed42
a744a484-d245-40fe-a782-7a21d7cbfab3___GCREC_Bact.Sp 5640.JPG,1122,demo-random-seed42
a75edffc-d484-41ea-adb2-8808748a53db___GCREC_Bact.Sp 5608.JPG,1241,demo-random-seed42
a7869065-f57e-42ba-aa3e-133fa45a7479___UF.GRC_BS_Lab Leaf 0827.JPG,1214,demo-random-seed42
a7af4903-9aae-45be-990d-adfca4510cfa___GCREC_Bact.Sp 5872.JPG,2378,demo-random-seed42
a7b44387-9845-46b5-b520-5a7420efee98___UF.GRC_BS_Lab Leaf 0763.JPG,389,demo-random-seed42
a7c50117-d297-469d-8a1c-6ec7a5a6f2df___GCREC_Bact.Sp 5769.JPG,792,demo-random-seed42
a7c5d9df-0031-4f8d-8ba3-629353956a97___GCREC_Bact.Sp 5991.JPG,468,demo-random-seed42
a85b3db9-6b49-4ce8-91ce-97ce0abb9758___GCREC_Bact.Sp 3412.JPG,631,demo-random-seed42
a88da7e7-fe37-42e3-bbe6-784f82ed1099___GCREC_Bact.Sp 5828.JPG,2347,demo-random-seed42
a8a3dd0c-7729-46bb-87f9-23c2345e955a___GCREC_Bact.Sp 5703.JPG,2434,demo-random-seed42
a8c12fae-22eb-46c8-a7dc-374225d050ba___GCREC_Bact.Sp 3122.JPG,115,demo-random-seed42
a8e2a35e-8392-44cb-9b1d-da43d9127f88___UF.GRC_BS_Lab Leaf 9284.JPG,1635,demo-random-seed42
a9045c2f-df74-4d31-8e2f-f3ce3d6753e2___GCREC_Bact.Sp 3026.JPG,602,demo-random-seed42
a9081e18-5a97-428a-af5d-6788d430d152___GCREC_Bact.Sp 3347.JPG,498,demo-random-seed42
a9113641-1f7b-4f81-8bdb-56efadec1cb3___GCREC_Bact.Sp 6203.JPG,755,demo-random-seed42
a91426e9-ff5c-4b53-8d08-b3a0e0fcb6e8___UF.GRC_BS_Lab Leaf 9004.JPG,503,demo-random-seed42
a943ec3e-2105-4dac-9d53-8ccd1e8f6d7b___GCREC_Bact.Sp 5718.JPG,1268,demo-random-seed42
a996d784-9bee-4715-b1ff-73e9df5b8666___GCREC_Bact.Sp 3257.JPG,2576,demo-random-seed42
a9b47216-7d6d-46f6-b029-7aacd6f26113___UF.GRC_BS_Lab Leaf 0862.JPG,1517,demo-random-seed42
a9d50751-cfaf-4743-93d9-25207fadb580___GCREC_Bact.Sp 3654.JPG,1871,demo-random-seed42
a9e1a072-2882-4184-89fb-b05081e1ef84___GCREC_Bact.Sp 5800.JPG,1276,demo-random-seed42
aaa27c3b-ff24-4d91-9c0c-fe68862ab77e___GCREC_Bact.Sp 3616.JPG,35,demo-random-seed42
aaa4e010-ef65-4513-af1c-be9fb857fe5d___GCREC_Bact.Sp 5895.JPG,217,demo-random-seed42
aabc0838-428f-46d6-b869-fabfc687cb16___GCREC_Bact.Sp 5630.JPG,695,demo-random-seed42
ab089362-3c95-4c44-9f33-60f1fbdb15a1___GCREC_Bact.Sp 6288.JPG,630,demo-random-seed42
ab4114fb-2312-41ba-a60d-bd262c97889f___GCREC_Bact.Sp 6258.JPG,2175,demo-random-seed42
ab66cbe8-486a-4f26-8253-7c12729fcbec___GCREC_Bact.Sp 3361.JPG,2183,demo-random-seed42
ac017ad5-c1fa-4a46-8f13-2068d7188346___GCREC_Bact.Sp 6175.JPG,2210,demo-random-seed42
ac099bdd-1fb0-4f9c-bb62-be3994736868___UF.GRC_BS_Lab Leaf 0419.JPG,1650,demo-random-seed42
ac277fa0-5af6-4fb6-bd56-9f8229b62d9a___GCREC_Bact.Sp 5633.JPG,1439,demo-random-seed42
ac444acf-1d85-4928-9f73-947497fb6b9f___GCREC_Bact.Sp 5762.JPG,1679,demo-random-seed42
acbad9e6-d801-48d5-92ee-9fae23fcfb93___UF.GRC_BS_Lab Leaf 0250.JPG,1052,demo-random-seed42
acbc36cd-9c39-419b-95da-7858806a063a___GCREC_Bact.Sp 3811.JPG,1734,demo-random-seed42
acc8c3ba-69bc-4900-9c78-f7140e68f62d___GCREC_Bact.Sp 6158.JPG,2056,demo-random-seed42
acd63ad6-8420-495d-8a3b-961fc5c98052___GCREC_Bact.Sp 2994.JPG,1974,demo-random-seed42
ad286f63-30e7-4c14-87b3-9829fe00ec61___GCREC_Bact.Sp 5826.JPG,1588,demo-random-seed42
ad52d457-9701-4260-84d9-5a7acfa8cab8___GCREC_Bact.Sp 3739.JPG,150,demo-random-seed42
ad7c1b29-cdb8-413e-a726-fe3111ba2ca8___GCREC_Bact.Sp 3675.JPG,1876,demo-random-seed42
ad9ce3a4-3686-42dd-b64c-c6ebc6c0b242___GCREC_Bact.Sp 6195.JPG,948,demo-random-seed42
adbc2b10-162e-467a-86bb-403891fe4e4f___GCREC_Bact.Sp 3541.JPG,1924,demo-random-seed42
adcd966b-b53f-471e-8e67-156481c0f4ed___GCREC_Bact.Sp 3316.JPG,1396,demo-random-seed42
ae43f1d0-3ae6-4634-938c-0b003b193416___GCREC_Bact.Sp 6105.JPG,2280,demo-random-seed42
ae52258c-eaab-4794-b6d5-601544d2e792___UF.GRC_BS_Lab Leaf 1068.JPG,875,demo-random-seed42
ae56e1f5-973e-4d9a-9d7e-25233f6d2c25___GCREC_Bact.Sp 3632.JPG,2410,demo-random-seed42
ae59ca2a-8b8f-490e-af40-a2a1e1963126___GCREC_Bact.Sp 6116.JPG,2185,demo-random-seed42
ae7425b4-aaae-44e0-ae8e-19623a66ed70___GCREC_Bact.Sp 2958.JPG,856,demo-random-seed42
ae92bca1-f5f0-4463-9459-97b61b826838___GCREC_Bact.Sp 3740.JPG,1248,demo-random-seed42
aec51dd9-6ce4-482c-af62-872f20de45a5___GCREC_Bact.Sp 3773.JPG,1375,demo-random-seed42
aeda6048-63dc-44ea-b479-b139131c3846___GCREC_Bact.Sp 5604.JPG,1989,demo-random-seed42
af321f84-057e-4580-a096-5b86b379e0c6___UF.GRC_BS_Lab Leaf 0321.JPG,1783,demo-random-seed42
af614af9-a200-4887-a394-13667ecbc8f7___GCREC_Bact.Sp 6000.JPG,2205,demo-random-seed42
af8921c3-e3f5-434f-a391-cde9cb1fa956___GCREC_Bact.Sp 3384.JPG,957,demo-random-seed42
afa4024c-3912-4e06-8bc4-622a32d59b69___GCREC_Bact.Sp 3790.JPG,1306,demo-random-seed42
afa683b3-63de-43c1-81c6-deb8210b0d47___GCREC_Bact.Sp 5867.JPG,1115,demo-random-seed42
afb75fca-bf21-4def-99aa-1fdf5455a95a___GCREC_Bact.Sp 3440.JPG,2353,demo-random-seed42
afd78d63-13b3-400f-8e9a-1c87f27fa12f___UF.GRC_BS_Lab Leaf 0239.JPG,789,demo-random-seed42
aff1cc2d-2667-4546-bfad-0c44d8e1ffa9___GCREC_Bact.Sp 5896.JPG,1519,demo-random-seed42
aff5e486-cb79-4e8d-8285-c4c98d909beb___GCREC_Bact.Sp 6120.JPG,310,demo-random-seed42
affd3581-6323-43a3-87d6-31f6449fbf2a___GCREC_Bact.Sp 2990.JPG,2200,demo-random-seed42
b0049dbf-cdef-4a85-b6e1-b37ed6bc4cfa___UF.GRC_BS_Lab Leaf 0696.JPG,994,demo-random-seed42
b042ebf8-61a8-4b00-a544-0704f299e96f___GCREC_Bact.Sp 5954.JPG,881,demo-random-seed42
b070b4e5-934e-4dc3-baf0-3f9419eecb86___GCREC_Bact.Sp 5648.JPG,1508,demo-random-seed42
b0827469-6ac0-4a9e-baca-ac4763b00f95___GCREC_Bact.Sp 5866.JPG,1290,demo-random-seed42
b0a3026d-9c2e-4615-9e1a-0f14c27632bb___GCREC_Bact.Sp 5902.JPG,2194,demo-random-seed42
b0a74f61-0012-4b6c-b528-bbce1b79c588___GCREC_Bact.Sp 3805.JPG,1375,demo-random-seed42
b0fc7984-f1bf-4d50-b495-0a363445158f___UF.GRC_BS_Lab Leaf 9102.JPG,1337,demo-random-seed42
b1229b90-496b-4489-a1ca-cc6fbbeb4fbd___GCREC_Bact.Sp 6260.JPG,271,demo-random-seed42
b16f21dc-39eb-45b5-a588-da778fa9ac44___GCREC_Bact.Sp 6351.JPG,56,demo-random-seed42
b16f9d46-69a2-4774-ab87-50159dc34dcc___GCREC_Bact.Sp 3471.JPG,1031,demo-random-seed42
b174fcf1-c7be-4819-8c91-4b3897b92297___GCREC_Bact.Sp 3195.JPG,2583,demo-random-seed42
b179b3d0-80cf-4dbf-9e88-b3e9b4a93b3b___GCREC_Bact.Sp 3659.JPG,2374,demo-random-seed42
b1dd4d7d-40ab-40bc-8246-5dabfac9dbd9___GCREC_Bact.Sp 3488.JPG,1627,demo-random-seed42
b2045ca9-7594-4ff9-a2ae-4faef86160ba___GCREC_Bact.Sp 5816.JPG,1632,demo-random-seed42
b227ea2d-9b5c-48a3-9746-033207311fc6___GCREC_Bact.Sp 3794.JPG,1013,demo-random-seed42
b25b9bc6-18c7-4dca-a47c-9e0e9652c53d___UF.GRC_BS_Lab Leaf 9307.JPG,459,demo-random-seed42
b26ccea5-3d59-45ad-9957-983c2547d915___GCREC_Bact.Sp 6131.JPG,22,demo-random-seed42
b29993ed-4d96-499b-ad36-379fda20c9c7___UF.GRC_BS_Lab Leaf 8843.JPG,876,demo-random-seed42
b2a40428-4154-4f13-bff6-28c36f4293a9___GCREC_Bact.Sp 3088.JPG,819,demo-random-seed42
b2e02801-9306-4703-b1cd-d9247fa17a11___GCREC_Bact.Sp 6296.JPG,495,demo-random-seed42
b391ff43-597e-431d-b3eb-d852e5c9c754___GCREC_Bact.Sp 3758.JPG,670,demo-random-seed42
b3c9f756-9328-46de-989b-a75859b40027___GCREC_Bact.Sp 3403.JPG,64,demo-random-seed42
b3e6f770-c0fc-4bc1-9e81-81a73899b3a9___UF.GRC_BS_Lab Leaf 0212.JPG,1573,demo-random-seed42
b3f77a28-f60f-46fa-91ff-cdfad5979420___UF.GRC_BS_Lab Leaf 0714.JPG,2400,demo-random-seed42
b4181c58-367b-4289-a1f1-7d0ec04ebf58___GCREC_Bact.Sp 3555.JPG,1787,demo-random-seed42
b433dcf3-c57d-4f5e-9116-5aaeecbaef01___GCREC_Bact.Sp 3715.JPG,1159,demo-random-seed42
b510960e-d1df-46e6-bc09-d14610011a4b___GCREC_Bact.Sp 3393.JPG,1087,demo-random-seed42
b540f78d-2b64-4c23-bc20-2287f63b383f___GCREC_Bact.Sp 6128.JPG,795,demo-random-seed42
b5839236-fbe9-4b0d-b80e-9956f2018d64___UF.GRC_BS_Lab Leaf 0471.JPG,368,demo-random-seed42
b5f208b2-bfa5-4542-bbd3-265519820575___GCREC_Bact.Sp 6127.JPG,1548,demo-random-seed42
b658ae6e-bdd0-4e49-8709-aa6afcb95c22___GCREC_Bact.Sp 5864.JPG,1466,demo-random-seed42
b6693ee1-8345-4796-9b9b-33d968e1e66f___GCREC_Bact.Sp 3097.JPG,18,demo-random-seed42
b66ad55a-0bf2-4819-90f2-10d4206122e6___GCREC_Bact.Sp 3771.JPG,1075,demo-random-seed42
b6b93fa0-be86-452b-86ff-dc7863af16ba___UF.GRC_BS_Lab Leaf 8785.JPG,719,demo-random-seed42
b6d72c2e-9e41-4215-af23-8e84d94d839f___UF.GRC_BS_Lab Leaf 9065.JPG,440,demo-random-seed42
b6e70a9c-f9c1-457c-826a-81749c540fe5___GCREC_Bact.Sp 5581.JPG,1819,demo-random-seed42
b71909d5-1354-4730-abdd-504679c558be___GCREC_Bact.Sp 5944.JPG,1360,demo-random-seed42
b72055e8-e855-4c88-a6b1-88955a1b8be3___GCREC_Bact.Sp 5992.JPG,1640,demo-random-seed42
b7369ccc-8bb8-462f-a915-d0737d1c87c2___GCREC_Bact.Sp 5646.JPG,1846,demo-random-seed42
b74c5fcf-390e-4fd1-abfc-a78f5c36c631___GCREC_Bact.Sp 3504.JPG,2540,demo-random-seed42
b760ae3c-bca5-48e1-bce3-a03e515dea88___GCREC_Bact.Sp 3322.JPG,2077,demo-random-seed42
b77be1e3-a6c2-44a9-848c-409fbf071e2c___GCREC_Bact.Sp 3824.JPG,1605,demo-random-seed42
b788b9e7-1567-47d1-9e34-1c653a8d03a1___UF.GRC_BS_Lab Leaf 0861.JPG,2274,demo-random-seed42
b7abb659-e26e-42a0-a9d3-ddee98526b8f___GCREC_Bact.Sp 5748.JPG,1235,demo-random-seed42
b7b5399c-fbd6-4435-8523-80e9166f1d6a___GCREC_Bact.Sp 6001.JPG,2548,demo-random-seed42
b7c4e0c0-a388-44e8-9c5c-d2db995557ab___GCREC_Bact.Sp 3667.JPG,1970,demo-random-seed42
b7db70a8-ca63-409e-9e60-47dce0ac5164___UF.GRC_BS_Lab Leaf 0646.JPG,1684,demo-random-seed42
b8682577-be6c-42a9-9d02-48300363e796___GCREC_Bact.Sp 3498.JPG,2337,demo-random-seed42
b8925aa5-0722-4332-abc1-a8ff620328b4___GCREC_Bact.Sp 3604.JPG,1333,demo-random-seed42
b8b09399-338a-4e6d-b05b-30b7a24afc43___GCREC_Bact.Sp 3273.JPG,1865,demo-random-seed42
b8e606e2-0630-453f-8688-b4350feb2bce___GCREC_Bact.Sp 3033.JPG,736,demo-random-seed42
b9072867-69f3-4ea7-9afb-06781b4a4f2f___GCREC_Bact.Sp 3253.JPG,2492,demo-random-seed42
b908a9aa-b8b9-46bd-aef0-9e8d1388608d___GCREC_Bact.Sp 3486.JPG,1613,demo-random-seed42
b90cb55e-b1fb-47b5-90f9-543845814e68___GCREC_Bact.Sp 6029.JPG,2023,demo-random-seed42
b913f1de-86ed-447d-bb74-9310460de8a9___GCREC_Bact.Sp 3149.JPG,1192,demo-random-seed42
b983bd4f-f889-4487-8650-eccc89140382___GCREC_Bact.Sp 6139.JPG,2243,demo-random-seed42
b9d33a88-ed9a-4e64-a83e-b3deff976155___GCREC_Bact.Sp 3059.JPG,191,demo-random-seed42
b9d57ea9-6651-4a64-a6ec-6551ac190d5c___GCREC_Bact.Sp 3078.JPG,295,demo-random-seed42
ba08cd52-37f7-4d42-be7e-9bd8db9d1d66___GCREC_Bact.Sp 3661.JPG,1312,demo-random-seed42
ba2bdb7a-35c7-4842-a8e0-af3eac603cad___GCREC_Bact.Sp 6034.JPG,1895,demo-random-seed42
ba30a8ef-d2b9-4c5a-8433-d52e0cdfa6fe___GCREC_Bact.Sp 3202.JPG,2094,demo-random-seed42
bab7f756-d2e7-483e-8155-2bead1b5f4ce___GCREC_Bact.Sp 6313.JPG,1138,demo-random-seed42
badeca64-87ed-439a-b373-b4b872dbe173___GCREC_Bact.Sp 6219.JPG,1681,demo-random-seed42
bb72c8b2-9f96-4320-8062-e7b47839a39b___GCREC_Bact.Sp 3266.JPG,1431,demo-random-seed42
bba175d5-0107-4ea9-b485-00d169678afd___GCREC_Bact.Sp 6380.JPG,2488,demo-random-seed42
bc185bd9-5335-4fd5-b426-8c30b56feda3___UF.GRC_BS_Lab Leaf 8782.JPG,1692,demo-random-seed42
bc54f201-4a3b-446f-af60-ea26285893c8___UF.GRC_BS_Lab Leaf 8951.JPG,1078,demo-random-seed42
bc7d9e9e-f2d3-4693-a574-d9486f43b0da___GCREC_Bact.Sp 3593.JPG,2509,demo-random-seed42
bc87927b-7858-4d02-ada3-d8dc075bd82b___UF.GRC_BS_Lab Leaf 9048.JPG,277,demo-random-seed42
bcb2dd59-8278-4bc7-9a7c-0fbc599adbab___UF.GRC_BS_Lab Leaf 8961.JPG,2548,demo-random-seed42
bcc50c85-c7d1-4da7-a121-e15d028aef69___UF.GRC_BS_Lab Leaf 0295.JPG,398,demo-random-seed42
bcd94233-e103-4604-8c04-67177af3c7e0___GCREC_Bact.Sp 6233.JPG,745,demo-random-seed42
bced2a31-d2e8-4dff-9cae-05646085abe5___GCREC_Bact.Sp 5710.JPG,2125,demo-random-seed42
bcffc5ba-6602-455f-a84c-eb0ad85672bc___UF.GRC_BS_Lab Leaf 0373.JPG,1898,demo-random-seed42
bd510221-f461-40d9-a959-1ca05a478fd6___GCREC_Bact.Sp 3331.JPG,2511,demo-random-seed42
bd5b5a19-a9b0-4572-9920-8ed728c15804___GCREC_Bact.Sp 3653.JPG,1940,demo-random-seed42
bd968a32-63e8-4f39-a379-c2e469622250___GCREC_Bact.Sp 3496.JPG,1648,demo-random-seed42
bdb7245f-e54f-42d9-a60a-3122ee72a398___GCREC_Bact.Sp 3815.JPG,896,demo-random-seed42
be344c1c-8799-4065-bd7a-d94dd7873520___GCREC_Bact.Sp 6214.JPG,12,demo-random-seed42
be485aa1-5ab6-45d4-931c-e9d90a7b5488___GCREC_Bact.Sp 3455.JPG,320,demo-random-seed42
be4dd24b-c2d2-4e6b-bb77-f5d6866ede96___GCREC_Bact.Sp 3123.JPG,770,demo-random-seed42
bea52a18-00de-4080-b460-4cf34c3c8688___GCREC_Bact.Sp 3499.JPG,105,demo-random-seed42
bea776af-8c63-4376-a7f2-7cbd0e15e743___GCREC_Bact.Sp 3631.JPG,1315,demo-random-seed42
beed8d22-757d-44fb-b53f-2aa274ef676b___GCREC_Bact.Sp 3749.JPG,2011,demo-random-seed42
bf0ce672-d1b8-49a7-a41e-5026715930e9___GCREC_Bact.Sp 6040.JPG,2492,demo-random-seed42
bf25e8b0-1397-4fe7-ab01-655c01abdcfb___GCREC_Bact.Sp 3261.JPG,1267,demo-random-seed42
bf5a66b5-5d94-4bd1-a01a-a789ff7a516e___GCREC_Bact.Sp 3389.JPG,2264,demo-random-seed42
bf962eca-a579-4f9d-aab4-7406179290b9___GCREC_Bact.Sp 6283.JPG,2550,demo-random-seed42
bfd9caac-aa4c-4be2-91be-23f2ee32da9f___GCREC_Bact.Sp 5776.JPG,2225,demo-random-seed42
bfe43257-51c4-40c9-8989-a193b19ee2ed___GCREC_Bact.Sp 6111.JPG,1203,demo-random-seed42
c04f4774-dbfd-4ab0-98fd-437759b1b7f7___UF.GRC_BS_Lab Leaf 9114.JPG,841,demo-random-seed42
c0937468-f1fc-4c71-b0e9-f7ab93d28650___GCREC_Bact.Sp 3469.JPG,2530,demo-random-seed42
c09afee4-a828-477f-af2c-00b11804364f___GCREC_Bact.Sp 6006.JPG,626,demo-random-seed42
c0a49d4f-501c-4a5f-a7cd-6164d1bddb45___GCREC_Bact.Sp 6157.JPG,1065,demo-random-seed42
c0b98fdd-b9b8-453f-8de3-4aeec4299f8c___GCREC_Bact.Sp 6086.JPG,191,demo-random-seed42
c0e3fc41-4d61-4a2d-a1e0-f5d658803182___GCREC_Bact.Sp 5975.JPG,2054,demo-random-seed42
c0f90bbb-d9ac-4ed6-9e3c-296c17ce42a2___GCREC_Bact.Sp 3808.JPG,1681,demo-random-seed42
c10643e1-3d5a-40f6-9357-57aadd3d6721___GCREC_Bact.Sp 3727.JPG,219,demo-random-seed42
c1968e07-0f5b-4187-b718-868f1c24228d___GCREC_Bact.Sp 3639.JPG,574,demo-random-seed42
c1b331bd-edf3-4623-bf39-01c3c4fe6105___UF.GRC_BS_Lab Leaf 9299.JPG,1437,demo-random-seed42
c1ca97a3-0701-4d1b-ab77-0a1d018d7886___GCREC_Bact.Sp 5609.JPG,1398,demo-random-seed42
c1d96cfa-8e15-4f99-a142-f908514baabb___GCREC_Bact.Sp 6096.JPG,2075,demo-random-seed42
c23fe2f1-4b93-4e4e-b55e-215b4a922e5d___GCREC_Bact.Sp 5779.JPG,688,demo-random-seed42
c259d96b-d81c-4c2d-8885-8bef1e38dd24___GCREC_Bact.Sp 3283.JPG,2393,demo-random-seed42
c2a9f434-879d-49f4-9491-0b5a970e43b5___GCREC_Bact.Sp 5934.JPG,1150,demo-random-seed42
c2d782db-6a77-4ab8-bd0a-c0ca6c2bec7e___GCREC_Bact.Sp 3263.JPG,2128,demo-random-seed42
c2edceac-615e-499f-ba58-5e2c4d21597f___GCREC_Bact.Sp 5794.JPG,616,demo-random-seed42
c32b4ac0-1b2c-4f26-9cb7-ba400bc2614e___GCREC_Bact.Sp 3385.JPG,95,demo-random-seed42
c37d3b8a-fecc-488a-ab78-c00f5240283c___GCREC_Bact.Sp 3343.JPG,142,demo-random-seed42
c3ac7b7a-a626-4004-ae2b-58720f38f027___GCREC_Bact.Sp 6299.JPG,964,demo-random-seed42
c3d68df9-2312-4b85-8d14-47b06fe5d0d8___UF.GRC_BS_Lab Leaf 0374.JPG,2466,demo-random-seed42
c3f278c8-3bf4-4837-91f1-2723a99a22d8___GCREC_Bact.Sp 6359.JPG,126,demo-random-seed42
c3fbdba4-a285-463b-a3fd-26d0d4a4d936___GCREC_Bact.Sp 3677.JPG,954,demo-random-seed42
c41baf9d-cf9e-4acb-a7a8-bb0c7e201621___GCREC_Bact.Sp 3492.JPG,282,demo-random-seed42
c42bf2e8-ccff-4c88-aa15-8f64e2577173___UF.GRC_BS_Lab Leaf 9073.JPG,2410,demo-random-seed42
c46481e2-7875-41e4-95c1-9b75619f2f28___GCREC_Bact.Sp 6356.JPG,1747,demo-random-seed42
c4b6fcb3-faa3-40ce-b3de-9687301e20c6___GCREC_Bact.Sp 6261.JPG,1973,demo-random-seed42
c4bc02dc-f1bd-43a5-8236-02f6faa88ab8___GCREC_Bact.Sp 3298.JPG,1845,demo-random-seed42
c4d2f661-56fd-4c84-9a51-03e4f806f085___UF.GRC_BS_Lab Leaf 0684.JPG,1700,demo-random-seed42
c50367a9-b3f6-46aa-91ab-9ff18c6a5ab5___GCREC_Bact.Sp 5939.JPG,2002,demo-random-seed42
c5119850-2956-4fc2-a612-0ce626fe3f99___GCREC_Bact.Sp 3637.JPG,21,demo-random-seed42
c515ab18-07a3-4bdd-a5b6-140d65a185c4___GCREC_Bact.Sp 5674.JPG,2239,demo-random-seed42
c5211a23-cfcd-4a83-9f1f-9b02d9341fc5___GCREC_Bact.Sp 3578.JPG,1914,demo-random-seed42
c53b64d9-37ef-4269-b809-00e59c2a033f___GCREC_Bact.Sp 3337.JPG,1913,demo-random-seed42
c54f03c5-9eef-4036-bff3-49b3a3867b88___UF.GRC_BS_Lab Leaf 9279.JPG,1018,demo-random-seed42
c5dfdd89-196c-464d-9ccb-33e1d500ce11___GCREC_Bact.Sp 5773.JPG,2072,demo-random-seed42
c642f72d-3f7b-4e1d-b69b-44355f22a672___GCREC_Bact.Sp 5709.JPG,988,demo-random-seed42
c6492dd1-0d2e-4d57-85cc-3544734a8125___UF.GRC_BS_Lab Leaf 8646.JPG,126,demo-random-seed42
c6581fb4-670c-4a11-94b2-1c9b51d8dda8___GCREC_Bact.Sp 3181.JPG,2349,demo-random-seed42
c6802f8a-d9c0-47ea-bd12-cd51b3bd9ef2___GCREC_Bact.Sp 3058.JPG,606,demo-random-seed42
c69ce12c-9c20-4313-9726-bd09f537392b___GCREC_Bact.Sp 3840.JPG,263,demo-random-seed42
c6b57820-5c54-4ee1-841c-07222804c1b7___GCREC_Bact.Sp 6383.JPG,1609,demo-random-seed42
c6eee071-b1e6-4237-9a0a-8f49e4665dc4___GCREC_Bact.Sp 3185.JPG,604,demo-random-seed42
c7064790-d35b-47d7-9da4-32819aa1c6c3___GCREC_Bact.Sp 6244.JPG,2220,demo-random-seed42
c7281266-81e4-4ef3-a601-7662898fe565___GCREC_Bact.Sp 3148.JPG,1148,demo-random-seed42
c772de4c-5514-4b6f-b136-bf73532c7332___GCREC_Bact.Sp 3571.JPG,11,demo-random-seed42
c787ded5-7722-4419-a5d9-8f4404f68ee4___GCREC_Bact.Sp 3800.JPG,2463,demo-random-seed42
c790128f-5406-4ffa-a545-80e818e1ceaf___GCREC_Bact.Sp 3648.JPG,1331,demo-random-seed42
c7a106eb-2d95-4a8d-b9de-4055d6a0a0a2___GCREC_Bact.Sp 3096.JPG,680,demo-random-seed42
c7b8365c-bb15-4afb-84e2-6b85f0f9cef5___GCREC_Bact.Sp 6245.JPG,1752,demo-random-seed42
c809df76-1ae4-4543-9a2e-ed079ae737df___UF.GRC_BS_Lab Leaf 9231.JPG,1373,demo-random-seed42
c838ca76-4670-44ef-b936-2eb00e249f52___GCREC_Bact.Sp 6370.JPG,76,demo-random-seed42
c8393f84-d1e1-4165-ae4e-eaa196db9523___GCREC_Bact.Sp 3404.JPG,1965,demo-random-seed42
c8460f59-b097-4d67-9832-1db6e2334459___UF.GRC_BS_Lab Leaf 0360.JPG,1038,demo-random-seed42
c882b8ca-8b93-44c2-812b-48e811268cc4___GCREC_Bact.Sp 3797.JPG,1811,demo-random-seed42
c8875e15-728e-4c47-829f-c194fee60ae5___GCREC_Bact.Sp 3296.JPG,2317,demo-random-seed42
c8915550-70f9-43d9-b747-e7a70bec5d3f___GCREC_Bact.Sp 3009.JPG,1580,demo-random-seed42
c8992021-b57f-49e9-a2cf-336f6172ca29___GCREC_Bact.Sp 3079.JPG,1738,demo-random-seed42
c8bfa39f-b92f-4c10-98e6-ff3600445c24___UF.GRC_BS_Lab Leaf 8759.JPG,659,demo-random-seed42
c912cdc9-37c4-4593-a334-4a5d3a02c2e4___GCREC_Bact.Sp 3063.JPG,615,demo-random-seed42
c9251133-b2c8-4227-9c29-f14857e83be1___GCREC_Bact.Sp 5692.JPG,1074,demo-random-seed42
c9270cd9-e0ec-4aee-9411-a7977c2b9af8___GCREC_Bact.Sp 3706.JPG,2206,demo-random-seed42
c92d6418-adbe-430d-9dcd-bf432490abf5___GCREC_Bact.Sp 3233.JPG,1356,demo-random-seed42
c977dd39-0fe7-4370-a7db-58c62b386f22___GCREC_Bact.Sp 6089.JPG,900,demo-random-seed42
c996e455-465d-48da-acfc-00bf283cb1fa___GCREC_Bact.Sp 5637.JPG,2017,demo-random-seed42
c9a8b799-6159-415d-a82d-8aeb4db76d87___GCREC_Bact.Sp 3701.JPG,2208,demo-random-seed42
c9c0a326-c094-4cea-94cb-bc240bb3be23___GCREC_Bact.Sp 3652.JPG,2335,demo-random-seed42
c9f48a07-6bc4-4a62-a817-3b99a64160cc___UF.GRC_BS_Lab Leaf 1208.JPG,773,demo-random-seed42
ca9d4e23-cd51-4912-b08e-0507546755b1___UF.GRC_BS_Lab Leaf 8802.JPG,1836,demo-random-seed42
cae55521-635e-4d8d-b67c-f178ba3f237a___GCREC_Bact.Sp 5904.JPG,1527,demo-random-seed42
cb4644f6-9f79-4cad-96e8-08da62d43550___GCREC_Bact.Sp 5732.JPG,1161,demo-random-seed42
cb496f19-8673-40dd-abe1-bff32695b2ab___UF.GRC_BS_Lab Leaf 0468.JPG,1027,demo-random-seed42
cb7d65bc-ae67-4686-94ce-f3fdcfc53149___UF.GRC_BS_Lab Leaf 8738.JPG,296,demo-random-seed42
cbbb4f7c-382f-420e-a1c8-e919af9497a7___GCREC_Bact.Sp 3192.JPG,711,demo-random-seed42
cc10d1bc-301a-4f99-85cb-94c73acfbeea___GCREC_Bact.Sp 3397.JPG,1422,demo-random-seed42
cc2e453a-3331-4385-baab-e0935661bba4___GCREC_Bact.Sp 3590.JPG,2294,demo-random-seed42
cc4ae662-c07c-4aae-8868-f4711ae5d158___GCREC_Bact.Sp 3852.JPG,2242,demo-random-seed42
cc816dda-efb9-451b-aaa5-0b893c2cdb15___GCREC_Bact.Sp 3354.JPG,485,demo-random-seed42
ccafbe60-2783-45b3-a73b-16f93a301cf5___GCREC_Bact.Sp 3395.JPG,1758,demo-random-seed42
ccb77acf-506d-4ebe-a35c-12bbd9e0825f___UF.GRC_BS_Lab Leaf 0653.JPG,219,demo-random-seed42
ccc8b532-0e86-4dc0-b3f5-db1f443e8cee___GCREC_Bact.Sp 6224.JPG,1746,demo-random-seed42
cce9e2aa-2027-474d-9c58-e733ef5bbe17___GCREC_Bact.Sp 6061.JPG,884,demo-random-seed42
ccf403ce-5219-4735-a7c3-709d3fc6590b___GCREC_Bact.Sp 3301.JPG,1164,demo-random-seed42
ccfd719f-6e00-491f-8c6e-c91bccb4550a___GCREC_Bact.Sp 3730.JPG,1857,demo-random-seed42
ccfdfe87-72ec-4b17-bd86-9f0bb242dfd5___GCREC_Bact.Sp 3367.JPG,1099,demo-random-seed42
cd12526b-4a85-4329-95b0-63ed38fe9cc0___GCREC_Bact.Sp 5746.JPG,2089,demo-random-seed42
cd14eb9f-28be-44fb-8687-a7469f5a88b8___GCREC_Bact.Sp 5740.JPG,1380,demo-random-seed42
cd36ac93-df2b-41f4-b29e-dd0be47114b7___GCREC_Bact.Sp 3674.JPG,2584,demo-random-seed42
cd4a85cb-1944-44e9-82f7-78f1365a46e0___GCREC_Bact.Sp 5817.JPG,1651,demo-random-seed42
cda5f764-3abe-4d1f-8fa3-b317f08bf012___GCREC_Bact.Sp 3618.JPG,766,demo-random-seed42
cdd68f49-20b8-4523-99cf-6479f85b8410___GCREC_Bact.Sp 5853.JPG,2006,demo-random-seed42
cdd6b4c8-6be0-4cc8-81a7-4e0c5ba16fed___GCREC_Bact.Sp 5982.JPG,1055,demo-random-seed42
cdd9e76e-72f7-4fa7-93ed-d727691f7c80___UF.GRC_BS_Lab Leaf 1072.JPG,1382,demo-random-seed42
cdf1e55c-7211-4a3e-9b1a-060689ff541c___GCREC_Bact.Sp 5586.JPG,354,demo-random-seed42
ce5152ad-92fb-4187-80f6-eef2524bf131___GCREC_Bact.Sp 3432.JPG,308,demo-random-seed42
ce71eb1e-cf9d-465b-adc2-15eb07c9e687___GCREC_Bact.Sp 3394.JPG,1487,demo-random-seed42
ceecc090-5ec1-4a73-b628-7d8bcfc55f45___GCREC_Bact.Sp 6354.JPG,483,demo-random-seed42
cf08a18e-375d-4f92-ac86-bd0e2f8f8dd2___GCREC_Bact.Sp 5808.JPG,2581,demo-random-seed42
cf155207-09bc-454e-a31b-0d469c9bb3d7___GCREC_Bact.Sp 2989.JPG,2214,demo-random-seed42
cfd1650b-7007-4916-a41f-9587d4bc4bfa___GCREC_Bact.Sp 5568.JPG,1813,demo-random-seed42
cfe7ebae-8e0f-4b12-8aae-d76fd249b2c4___GCREC_Bact.Sp 6342.JPG,1901,demo-random-seed42
cff6ca5a-84c8-4059-b63d-55127d94b23d___GCREC_Bact.Sp 6100.JPG,1540,demo-random-seed42
d00cf182-48a5-49c6-a092-a3e0044c0d05___GCREC_Bact.Sp 3001.JPG,156,demo-random-seed42
d0246f26-0f37-4dd0-b6fa-40f03fedaa39___UF.GRC_BS_Lab Leaf 0424.JPG,1015,demo-random-seed42
d03d8c3f-4929-4072-9a69-d4062c90a391___GCREC_Bact.Sp 6243.JPG,1283,demo-random-seed42
d0513b6e-e8a2-44b5-ace7-bcec9c694d4c___UF.GRC_BS_Lab Leaf 8753.JPG,2368,demo-random-seed42
d065c274-53bd-4caf-ab79-ad2a454b1442___UF.GRC_BS_Lab Leaf 9245.JPG,568,demo-random-seed42
d066d888-1ffb-4ede-a6f9-2d5894a7f90f___GCREC_Bact.Sp 3102.JPG,1286,demo-random-seed42
d070f6af-fdda-4995-a4d4-8e994faa7c03___GCREC_Bact.Sp 6012.JPG,890,demo-random-seed42
d071b160-8fd5-4f26-b464-f61cbc472d75___GCREC_Bact.Sp 3635.JPG,347,demo-random-seed42
d09eb669-4a51-4122-a87c-94dc03324c87___UF.GRC_BS_Lab Leaf 0931.JPG,266,demo-random-seed42
d0afa6c0-1ed2-4c53-bf88-a15ed11ed800___GCREC_Bact.Sp 3742.JPG,945,demo-random-seed42
d0ce6851-bf97-4410-94f3-ccdcddd2a0fe___GCREC_Bact.Sp 3424.JPG,213,demo-random-seed42
d0eae45c-673c-41ec-9f84-6d74584803c6___GCREC_Bact.Sp 3039.JPG,173,demo-random-seed42
d106ec05-b062-4d08-bf62-e24c42532e9d___GCREC_Bact.Sp 3345.JPG,908,demo-random-seed42
d150fcab-c23c-4dd3-869f-961d3104d850___GCREC_Bact.Sp 3194.JPG,522,demo-random-seed42
d1c0694d-0c25-41bf-9f19-64487795d52c___GCREC_Bact.Sp 5567.JPG,1435,demo-random-seed42
d1c21ca6-efc2-48f3-a1be-1593320db75c___GCREC_Bact.Sp 3623.JPG,45,demo-random-seed42
d20bb7c6-23ec-4daf-b94a-92a9459da99c___GCREC_Bact.Sp 3617.JPG,781,demo-random-seed42
d20d7a01-ca5b-41ed-ade2-e62caf0ef543___GCREC_Bact.Sp 6003.JPG,1173,demo-random-seed42
d2baf547-f447-4b60-b642-7e1008ac6187___GCREC_Bact.Sp 5920.JPG,2492,demo-random-seed42
d2cbc8f4-b632-47de-bc45-edeb4f0911f1___GCREC_Bact.Sp 5994.JPG,1642,demo-random-seed42
d2e4bb70-7fa8-4ff3-87d7-77b10e0727bc___GCREC_Bact.Sp 3306.JPG,2279,demo-random-seed42
d3235199-bec9-4191-ab79-53797ef23873___GCREC_Bact.Sp 3189.JPG,888,demo-random-seed42
d3388cc8-1d28-4d94-9784-d441f05fcccb___GCREC_Bact.Sp 3351.JPG,1163,demo-random-seed42
d34ab0c8-700c-4c3d-8d30-7b52ea715bc7___GCREC_Bact.Sp 6122.JPG,1087,demo-random-seed42
d36baaa6-29eb-4bc6-8f05-252fdceee6fc___UF.GRC_BS_Lab Leaf 0353.JPG,2296,demo-random-seed42
d374d0c5-2a5c-4d5e-afc6-0410d91c9d55___GCREC_Bact.Sp 6321.JPG,2482,demo-random-seed42
d3969371-05ad-4097-8390-5d4124d19a9e___GCREC_Bact.Sp 3224.JPG,2490,demo-random-seed42
d3ed0545-45ca-474c-89a8-381733809c75___GCREC_Bact.Sp 5771.JPG,1946,demo-random-seed42
d41b41df-08b1-498c-9c41-6967a6a46151___GCREC_Bact.Sp 3109.JPG,1302,demo-random-seed42
d42b50b2-4178-4b79-8d97-309587703ae0___GCREC_Bact.Sp 5756.JPG,1399,demo-random-seed42
d43111af-cbb9-47ee-be8e-9ce663146371___GCREC_Bact.Sp 6264.JPG,2537,demo-random-seed42
d437fbb3-cfb7-4a81-b6b7-36bca6748f02___GCREC_Bact.Sp 3454.JPG,736,demo-random-seed42
d43a87b6-6745-4f6a-a1fb-1dec046089a2___UF.GRC_BS_Lab Leaf 0236.JPG,897,demo-random-seed42
d449e255-119a-44cb-844a-f187518e0fc2___GCREC_Bact.Sp 5701.JPG,2321,demo-random-seed42
d44ac7be-ea22-470c-bfb7-a64016f7639b___GCREC_Bact.Sp 5851.JPG,999,demo-random-seed42
d4720e9b-a902-45b7-b5d1-94acee444e82___GCREC_Bact.Sp 6191.JPG,608,demo-random-seed42
d47b18fc-8e90-478a-ae2b-c9974b0edc80___GCREC_Bact.Sp 3222.JPG,1450,demo-random-seed42
d489099b-31cf-484f-a0d6-46f24e6875ab___GCREC_Bact.Sp 3523.JPG,841,demo-random-seed42
d4e4f6a5-f887-48b1-83d5-44e6f834cab4___GCREC_Bact.Sp 6064.JPG,2305,demo-random-seed42
d4f3d9f0-b02e-4632-bf9d-6aefdcd4bae3___GCREC_Bact.Sp 3843.JPG,2352,demo-random-seed42
d5291fc4-6702-407a-a09f-1c8e2e7455fc___GCREC_Bact.Sp 5642.JPG,791,demo-random-seed42
d55c36fd-0ecb-49d9-a2c0-a5039f83b393___GCREC_Bact.Sp 3410.JPG,1370,demo-random-seed42
d5701f4d-4aa3-4f95-ac7c-07f8747c1332___GCREC_Bact.Sp 6368.JPG,2546,demo-random-seed42
d5811974-694f-4a83-a5d1-cfa56f59c67a___UF.GRC_BS_Lab Leaf 0384.JPG,1921,demo-random-seed42
d581dfed-7057-4f0b-8417-5725beb0168e___UF.GRC_BS_Lab Leaf 0259.JPG,558,demo-random-seed42
d5b68019-d730-432d-80b5-dcd87b39742d___UF.GRC_BS_Lab Leaf 1200.JPG,1528,demo-random-seed42
d5bccd2c-7e11-4d61-98fb-581ca85e5f58___UF.GRC_BS_Lab Leaf 0391.JPG,1604,demo-random-seed42
d5c25507-51c8-4565-9c4f-2e991cf83721___GCREC_Bact.Sp 6112.JPG,1691,demo-random-seed42
d603ca14-5a43-4931-b046-a424eb4c0b96___GCREC_Bact.Sp 6240.JPG,64,demo-random-seed42
d60ef655-b54e-4e58-ab25-64f523a97694___GCREC_Bact.Sp 3336.JPG,774,demo-random-seed42
d6185a8e-8ac1-4307-841a-f5e862b26a4d___GCREC_Bact.Sp 3179.JPG,2211,demo-random-seed42
d623c605-17f1-43b2-af4a-5428367f752f___GCREC_Bact.Sp 6284.JPG,624,demo-random-seed42
d64951f4-a447-44c7-80b7-1143a6e4a4e8___UF.GRC_BS_Lab Leaf 9190.JPG,775,demo-random-seed42
d707ecc4-8ccf-4373-8d0f-ccf4a5f9fa2d___UF.GRC_BS_Lab Leaf 9171.JPG,834,demo-random-seed42
d78cf219-53eb-4269-830d-e1822caa8fdd___GCREC_Bact.Sp 5755.JPG,459,demo-random-seed42
d7c6cfbf-059c-40b2-b920-8a1815c32374___GCREC_Bact.Sp 6063.JPG,402,demo-random-seed42
d7f580f8-c7b1-47ff-9746-35f6f7000427___GCREC_Bact.Sp 3600.JPG,898,demo-random-seed42
d8218386-5974-4ab6-b453-6d628317d82d___GCREC_Bact.Sp 6232.JPG,2262,demo-random-seed42
d8914e04-4e33-4189-bfa9-f547e5f696d1___GCREC_Bact.Sp 3173.JPG,3,demo-random-seed42
d8a64b79-e21e-4158-9d9d-47bd6e44fba0___GCREC_Bact.Sp 3594.JPG,733,demo-random-seed42
d8d2baf6-87de-43e5-bd40-48dfe33841d3___GCREC_Bact.Sp 5747.JPG,156,demo-random-seed42
d8d3c759-4242-42c0-9be5-b3177f2664be___GCREC_Bact.Sp 5953.JPG,1453,demo-random-seed42
d8d99dae-78a8-46f4-b7ad-600e0685d592___GCREC_Bact.Sp 6136.JPG,648,demo-random-seed42
d8db4770-1ba3-4648-8a8f-05bfcd2d6e49___GCREC_Bact.Sp 6123.JPG,2049,demo-random-seed42
d8e40874-f16d-43e2-9922-97a973861a0c___UF.GRC_BS_Lab Leaf 8728.JPG,1514,demo-random-seed42
d917a80d-e9b2-4c64-85ba-60014b11c757___GCREC_Bact.Sp 3588.JPG,2028,demo-random-seed42
d91864c6-22e4-4dea-b10f-e64061a300a3___GCREC_Bact.Sp 3572.JPG,1643,demo-random-seed42
d9461bb6-7502-4f29-80eb-e691b7f5619f___GCREC_Bact.Sp 6293.JPG,1134,demo-random-seed42
d9583f61-d03e-4c4f-a86c-125751b37324___GCREC_Bact.Sp 6376.JPG,2228,demo-random-seed42
d96166b8-e301-4613-adbb-66eb792a16b6___GCREC_Bact.Sp 3792.JPG,1232,demo-random-seed42
d9a42de4-b5ee-4464-a369-bc7ba9d9ebab___GCREC_Bact.Sp 3328.JPG,2458,demo-random-seed42
d9a70403-c329-47af-8f48-6e7dcfbb069f___GCREC_Bact.Sp 3023.JPG,2574,demo-random-seed42
d9a91bb5-35d8-459c-8c04-8a155bc6a158___GCREC_Bact.Sp 5592.JPG,1524,demo-random-seed42
d9abd611-5a0a-4d54-8c73-8df2c7f909d2___GCREC_Bact.Sp 5815.JPG,1745,demo-random-seed42
da1c5c94-2f61-4f4e-b773-f7e421d46b34___GCREC_Bact.Sp 3752.JPG,661,demo-random-seed42
da471a01-eb1c-4b89-9b21-6dee2719c200___UF.GRC_BS_Lab Leaf 0495.JPG,2108,demo-random-seed42
da866ac6-4fcc-4722-8cf6-3d0d93011d65___GCREC_Bact.Sp 3550.JPG,1738,demo-random-seed42
da934beb-3546-440a-83a8-016d9d480824___GCREC_Bact.Sp 3464.JPG,2335,demo-random-seed42
daa61ed9-a0bf-4533-841e-1a43633e86a1___GCREC_Bact.Sp 5649.JPG,691,demo-random-seed42
db498ce2-43f3-46e8-a5ab-0af97ba95b3b___GCREC_Bact.Sp 6209.JPG,2038,demo-random-seed42
db5044bc-64df-4f7c-a591-5b79b9318805___GCREC_Bact.Sp 5546.JPG,1217,demo-random-seed42
db6177ef-cf23-402a-ac95-f8c136c6385d___GCREC_Bact.Sp 3135.JPG,479,demo-random-seed42
dba96916-e1d7-46fd-b5bc-07b0d8eb4914___UF.GRC_BS_Lab Leaf 0397.JPG,443,demo-random-seed42
dbabca53-fd46-46e9-91c0-64232aac8c25___GCREC_Bact.Sp 3816.JPG,1454,demo-random-seed42
dbda016b-fd39-451d-82e5-08e42ea6bcda___GCREC_Bact.Sp 3285.JPG,826,demo-random-seed42
dbec23bb-922a-49cd-b222-825ee95edcee___GCREC_Bact.Sp 3834.JPG,263,demo-random-seed42
dbee8b94-3efc-4e09-9710-a95517728d28___GCREC_Bact.Sp 3737.JPG,1105,demo-random-seed42
dc0911a0-8c66-412c-82ec-6070f2ca0b8b___GCREC_Bact.Sp 6011.JPG,1689,demo-random-seed42
dc206acc-605b-4a85-a35b-44ce62f0ea7e___GCREC_Bact.Sp 6055.JPG,825,demo-random-seed42
dc3f2b4a-e8ee-4934-8d79-cd1d1bc6a303___GCREC_Bact.Sp 3760.JPG,2472,demo-random-seed42
dc425296-15d3-45ba-95b9-018fc4494e1e___GCREC_Bact.Sp 5682.JPG,2017,demo-random-seed42
dc577914-0602-4790-a2ab-5df9e0c581e8___GCREC_Bact.Sp 5760.JPG,1326,demo-random-seed42
dc8612c8-6b25-4bf7-b6e8-49b20fda59ee___GCREC_Bact.Sp 3380.JPG,2418,demo-random-seed42
dc865b07-0701-4ddd-be52-cc75f80d0ada___UF.GRC_BS_Lab Leaf 0683.JPG,1120,demo-random-seed42
dcc6402f-a868-4766-9e4b-8578b0705f82___GCREC_Bact.Sp 3526.JPG,361,demo-random-seed42
dda6fd98-f44f-41fd-9e60-bd9e32117d5d___UF.GRC_BS_Lab Leaf 8652.JPG,92,demo-random-seed42
dde8f28e-38a3-4736-a44b-e37c28b8acd8___UF.GRC_BS_Lab Leaf 8960.JPG,2427,demo-random-seed42
ddfa387b-e1ba-4033-aea8-e6644c19b0fa___GCREC_Bact.Sp 3563.JPG,2483,demo-random-seed42
de0200a0-173c-401f-827b-2a12d639a744___GCREC_Bact.Sp 3072.JPG,1913,demo-random-seed42
de0d63c7-a1a2-43e0-9316-44381a5cb46a___GCREC_Bact.Sp 3858.JPG,266,demo-random-seed42
dea314b1-624c-492d-9eb0-965a34bf89c7___GCREC_Bact.Sp 3462.JPG,759,demo-random-seed42
dec2db16-8bae-42e0-9b02-8e3d9f0793cc___GCREC_Bact.Sp 5697.JPG,106,demo-random-seed42
df2c5959-402f-488c-8e9f-93d3a0cee4dd___UF.GRC_BS_Lab Leaf 1168.JPG,132,demo-random-seed42
df2cde45-b06c-421e-b0b9-955bf8b8f2e7___GCREC_Bact.Sp 2978.JPG,636,demo-random-seed42
df4ce90b-64df-4ed3-8978-bc9c619bdb57___GCREC_Bact.Sp 5813.JPG,1480,demo-random-seed42
dfa62ef3-e71a-49c9-b3fc-6b1c72fa3408___GCREC_Bact.Sp 3176.JPG,169,demo-random-seed42
dfc06cd2-243e-4704-ba23-a23a4ed02ca3___UF.GRC_BS_Lab Leaf 1035.JPG,2548,demo-random-seed42
dfc16b5b-67c4-4725-982f-c7282f514b38___GCREC_Bact.Sp 3100.JPG,1177,demo-random-seed42
dfce64d1-9954-4922-8beb-2681e2e6b896___GCREC_Bact.Sp 2961.JPG,682,demo-random-seed42
dfdf92be-f19c-4833-a744-0ba25b3bb8bd___GCREC_Bact.Sp 3793.JPG,1335,demo-random-seed42
dfe0a874-9a6c-4121-9f20-b0e7a85a5996___GCREC_Bact.Sp 5684.JPG,2044,demo-random-seed42
dff2f22f-6d7a-4331-bd7a-902e13212348___GCREC_Bact.Sp 5924.JPG,808,demo-random-seed42
e05eca68-134a-45a5-a6ed-d4b80459528f___GCREC_Bact.Sp 3420.JPG,122,demo-random-seed42
e0a6cc6b-56d6-45a3-a34a-5b484212712c___UF.GRC_BS_Lab Leaf 0255.JPG,131,demo-random-seed42
e0c90a47-7d39-4bad-b6b2-b5ce16c9c95f___GCREC_Bact.Sp 5717.JPG,2204,demo-random-seed42
e0d9aef6-cce9-4ca0-9af6-ea44e9985cdf___GCREC_Bact.Sp 5847.JPG,288,demo-random-seed42
e0f17fdb-6487-4087-8e72-de93c881ebb2___GCREC_Bact.Sp 5719.JPG,1644,demo-random-seed42
e14b7ae8-96ff-47e0-8b35-aa7203dc49d5___GCREC_Bact.Sp 3020.JPG,995,demo-random-seed42
e16cf895-d49f-4798-af76-1343bdd0fe56___GCREC_Bact.Sp 3025.JPG,2012,demo-random-seed42
e17ce060-c563-4f08-ad38-e491d5f09688___GCREC_Bact.Sp 5661.JPG,156,demo-random-seed42
e18a4fc4-f116-4eef-8cca-d62a2798ac8d___GCREC_Bact.Sp 3743.JPG,2323,demo-random-seed42
e19aa48d-2c0f-41ac-b6e4-d648371236f3___GCREC_Bact.Sp 5545.JPG,1806,demo-random-seed42
e1a293e6-03fa-4513-b45b-94fbe2d0b748___GCREC_Bact.Sp 3833.JPG,1162,demo-random-seed42
e1befb62-870e-400b-9ecb-167138652029___GCREC_Bact.Sp 5758.JPG,535,demo-random-seed42
e1ee0df9-7ad3-47f4-ba57-0e243101a657___GCREC_Bact.Sp 3702.JPG,2528,demo-random-seed42
e1fa4f5f-d166-4483-95c4-0c420ee2098e___GCREC_Bact.Sp 3458.JPG,781,demo-random-seed42
e2286f6d-1e30-4528-ab51-84c18a16b7e1___GCREC_Bact.Sp 3503.JPG,1269,demo-random-seed42
e25c59a0-9362-4218-82de-9060174d5473___GCREC_Bact.Sp 6277.JPG,1019,demo-random-seed42
e277b59d-2e55-4117-92c7-93996599ef02___GCREC_Bact.Sp 3168.JPG,596,demo-random-seed42
e28b2c59-c08e-4957-975f-2965d8b801e2___GCREC_Bact.Sp 3321.JPG,1078,demo-random-seed42
e28da6e4-81ad-42ff-ad15-b7a60d9546f2___GCREC_Bact.Sp 6363.JPG,392,demo-random-seed42
e2941eab-3c1c-43a2-aa6d-5f3926da0568___GCREC_Bact.Sp 3495.JPG,4,demo-random-seed42
e2c2e02e-091d-46ef-a9a7-638dfd4decd6___GCREC_Bact.Sp 3228.JPG,750,demo-random-seed42
e2c80b64-2520-49c4-bedc-a604355be09b___GCREC_Bact.Sp 3609.JPG,290,demo-random-seed42
e2f66625-6241-4cd5-8302-c76cdd2e463c___GCREC_Bact.Sp 3761.JPG,1073,demo-random-seed42
e351d0c3-b7c6-4c94-9428-e350c4325a22___GCREC_Bact.Sp 3089.JPG,2232,demo-random-seed42
e39108c9-61e6-405a-bad1-84f0d1fbb25b___GCREC_Bact.Sp 5915.JPG,420,demo-random-seed42
e4097ba1-9edf-4f41-9c11-6dee42bd56b4___GCREC_Bact.Sp 2999.JPG,3,demo-random-seed42
e41ca477-b751-45f7-9a19-3442349e45ef___GCREC_Bact.Sp 3254.JPG,287,demo-random-seed42
e4404de4-7958-4e77-a7ed-664dd0d7f2c9___GCREC_Bact.Sp 5906.JPG,1315,demo-random-seed42
e444a471-4021-424b-a375-78f3b17413c8___GCREC_Bact.Sp 6319.JPG,711,demo-random-seed42
e45ae43b-3111-47af-8da4-65dc05595a7f___GCREC_Bact.Sp 5973.JPG,1266,demo-random-seed42
e48d7087-f125-4912-b9d6-65fdeedd2ddb___GCREC_Bact.Sp 6182.JPG,75,demo-random-seed42
e4be767a-e84a-4fd6-9049-ed4ff05962ac___GCREC_Bact.Sp 3678.JPG,862,demo-random-seed42
e4d01d54-df44-40ab-a6f9-74c9e0834998___GCREC_Bact.Sp 5950.JPG,1061,demo-random-seed42
e4dad7d3-b043-4dc9-9b41-0df12c1a6823___GCREC_Bact.Sp 5822.JPG,1116,demo-random-seed42
e4df0a0f-a7cf-4797-a888-9f28d916bccd___GCREC_Bact.Sp 5870.JPG,1426,demo-random-seed42
e4e11751-2c64-491f-9aa3-26677932f65c___UF.GRC_BS_Lab Leaf 0636.JPG,2020,demo-random-seed42
e4e708ea-e69e-4e5c-9e52-1f21407f7568___GCREC_Bact.Sp 3813.JPG,1209,demo-random-seed42
e4ea3383-b5fc-45b6-a583-0363f632c3be___GCREC_Bact.Sp 3094.JPG,2177,demo-random-seed42
e59a54d3-77fa-4547-8ba6-cc5ee7b0591a___GCREC_Bact.Sp 3827.JPG,1370,demo-random-seed42
e5ab7644-032a-44d8-97dd-3e9eec19278b___GCREC_Bact.Sp 6208.JPG,673,demo-random-seed42
e5ebe0ed-8be8-46c8-a209-32b00ad5f65e___GCREC_Bact.Sp 6033.JPG,592,demo-random-seed42
e601dd19-754a-4db4-926b-5e71609f628e___GCREC_Bact.Sp 3342.JPG,834,demo-random-seed42
e65ea8c4-01ff-42ff-8666-1dc4958b37da___GCREC_Bact.Sp 5653.JPG,1546,demo-random-seed42
e6a975f7-b2f0-4dec-b360-c944abd984da___GCREC_Bact.Sp 3249.JPG,627,demo-random-seed42
e6d642b7-1313-4b97-b58b-eab8a92cae64___GCREC_Bact.Sp 5694.JPG,2365,demo-random-seed42
e6ec0aa5-a195-4606-a539-cf7c13f62727___GCREC_Bact.Sp 3828.JPG,1241,demo-random-seed42
e7545c08-3299-4f70-b9bb-3fb57c539f5d___UF.GRC_BS_Lab Leaf 9162.JPG,2234,demo-random-seed42
e75acbf3-725b-4433-bc3e-542e0b931cf6___UF.GRC_BS_Lab Leaf 0474.JPG,1768,demo-random-seed42
e76265f7-6ce4-4448-856e-84a4cfb94bd0___GCREC_Bact.Sp 5862.JPG,862,demo-random-seed42
e76d1b61-beb7-448d-ab33-328d3e99cbbc___GCREC_Bact.Sp 3796.JPG,590,demo-random-seed42
e77c7af3-35cb-496d-bc8b-34bc2344b8fc___GCREC_Bact.Sp 3545.JPG,1925,demo-random-seed42
e797fd83-e984-4df6-a3a2-c19a95d19576___GCREC_Bact.Sp 3425.JPG,855,demo-random-seed42
e7a41440-0635-43cf-8d8c-57d892f1ef10___GCREC_Bact.Sp 3399.JPG,638,demo-random-seed42
e7b30707-3b57-49a1-ba38-ad82ca2c6cce___GCREC_Bact.Sp 5795.JPG,2407,demo-random-seed42
e7ce4652-41d2-4f9a-870d-7bfe3b3c08bd___GCREC_Bact.Sp 3519.JPG,1249,demo-random-seed42
e813e60a-25a6-4444-8fb6-eeab328d9ccc___GCREC_Bact.Sp 3573.JPG,125,demo-random-seed42
e818ebcc-f37e-41c7-beae-0cb76e113a36___UF.GRC_BS_Lab Leaf 8705.JPG,1280,demo-random-seed42
e81ad1cc-7dd3-444e-a14e-80bd8a40b835___GCREC_Bact.Sp 3627.JPG,1192,demo-random-seed42
e82581f7-abe8-425b-a538-ed44a64a06d7___GCREC_Bact.Sp 3520.JPG,2235,demo-random-seed42
e82d7b9f-9e5a-4d2c-9094-4b3961a062bd___GCREC_Bact.Sp 2976.JPG,1841,demo-random-seed42
e853c1a3-9134-47ab-a1c6-12ec9d35c0ca___GCREC_Bact.Sp 3723.JPG,495,demo-random-seed42
e85d64bf-a47c-4d80-8eb8-9059c1eec9a9___GCREC_Bact.Sp 5790.JPG,389,demo-random-seed42
e863a52c-337f-4534-9510-320980cc4303___GCREC_Bact.Sp 6159.JPG,1562,demo-random-seed42
e873f5c0-d887-496d-b037-6549e4c52d3a___UF.GRC_BS_Lab Leaf 9271.JPG,122,demo-random-seed42
e87962ec-4dae-4c6c-8233-620e40acf137___GCREC_Bact.Sp 3160.JPG,825,demo-random-seed42
e895970c-cab7-4175-b8c1-4b62320dbbb5___GCREC_Bact.Sp 6108.JPG,357,demo-random-seed42
e898c21e-d118-4ab7-8c8a-c7e5810e2bc6___UF.GRC_BS_Lab Leaf 8693.JPG,53,demo-random-seed42
e8b966f1-b1e8-460d-899f-73a3780a36e4___GCREC_Bact.Sp 6179.JPG,2377,demo-random-seed42
e8d5ea0b-2943-4529-9238-b0f7d087250b___GCREC_Bact.Sp 3056.JPG,232,demo-random-seed42
e8e7edd6-4791-41f4-a110-41af6fb1e124___GCREC_Bact.Sp 3651.JPG,23,demo-random-seed42
e8fa0ef6-3af0-4cb1-b22b-0fe913ec014a___UF.GRC_BS_Lab Leaf 0277.JPG,2414,demo-random-seed42
e93d0422-f01b-46bf-baf6-6ec104b7a7c4___GCREC_Bact.Sp 3663.JPG,487,demo-random-seed42
e941c8ba-5fce-481c-aba5-4b272c5a0be6___GCREC_Bact.Sp 3197.JPG,2113,demo-random-seed42
e98d37d3-7029-4de3-bdd9-955904454850___GCREC_Bact.Sp 2993.JPG,80,demo-random-seed42
e98fdfc0-1871-4b7d-b32a-35731e973289___GCREC_Bact.Sp 5834.JPG,397,demo-random-seed42
e99d601c-2ff0-4029-84c9-74e17fae209f___GCREC_Bact.Sp 6259.JPG,286,demo-random-seed42
e9d62efe-fb3b-4b34-8c9f-7c0f067f1daa___UF.GRC_BS_Lab Leaf 8983.JPG,1827,demo-random-seed42
ea184fd1-b4aa-4121-b88b-ef833d6465d2___GCREC_Bact.Sp 6067.JPG,1604,demo-random-seed42
ea4ddb4b-216a-4ec2-85bc-06314c7de145___GCREC_Bact.Sp 3022.JPG,1230,demo-random-seed42
ea5451fc-7d10-4a88-8193-cbbdb1f8f748___GCREC_Bact.Sp 3785.JPG,625,demo-random-seed42
ea5724f3-d1ff-4a32-b679-b08bdfc9b997___GCREC_Bact.Sp 3662.JPG,229,demo-random-seed42
ea62b5e0-7ccf-4ec5-b103-16206214caaa___GCREC_Bact.Sp 6253.JPG,1473,demo-random-seed42
eabc7def-52d6-4383-8d81-ffbe7beedce8___GCREC_Bact.Sp 5572.JPG,597,demo-random-seed42
eabeca07-9aa1-431a-92eb-be617775811d___UF.GRC_BS_Lab Leaf 0460.JPG,1527,demo-random-seed42
eae84e72-e82f-4390-bd24-ebace76e1422___GCREC_Bact.Sp 3161.JPG,1779,demo-random-seed42
eaf64b81-ac2a-4c85-8c15-da1986a12b7a___GCREC_Bact.Sp 3683.JPG,2198,demo-random-seed42
eb24be78-376c-4a25-a738-0abb052b01cb___UF.GRC_BS_Lab Leaf 8957.JPG,1278,demo-random-seed42
eb36b979-d626-4f44-b6fe-0d4eec0f3081___UF.GRC_BS_Lab Leaf 0593.JPG,12,demo-random-seed42
eb3d387f-a7b3-48a3-a925-41d7fc6e98e9___GCREC_Bact.Sp 3423.JPG,726,demo-random-seed42
eb69cd1d-ab61-44cf-b8d0-2e6317fd3043___GCREC_Bact.Sp 2998.JPG,2208,demo-random-seed42
eba8000b-ecbc-4417-bc21-67c7e4dd8c8d___GCREC_Bact.Sp 5916.JPG,1380,demo-random-seed42
ebaf3d67-cb6b-4b01-be28-f2276db98177___GCREC_Bact.Sp 3649.JPG,1602,demo-random-seed42
ec7b4f39-0aff-4fdb-96cd-5c8cbaf3bf34___GCREC_Bact.Sp 2963.JPG,1184,demo-random-seed42
ec86d98d-7fb3-43e9-addb-3686492e5ab9___GCREC_Bact.Sp 3731.JPG,421,demo-random-seed42
ecba62cb-3f58-4de1-90a3-94e0ae818bc6___UF.GRC_BS_Lab Leaf 9124.JPG,2320,demo-random-seed42
ed17ee54-fc7b-43a7-8945-c8ddc3b4dfdb___GCREC_Bact.Sp 5741.JPG,2000,demo-random-seed42
ed72f0b8-cd69-41fd-99a8-ae792c6fa16f___GCREC_Bact.Sp 3186.JPG,2575,demo-random-seed42
ed94e669-2770-4452-9698-cfaea67e92d4___GCREC_Bact.Sp 6222.JPG,2214,demo-random-seed42
edcbb73e-46f6-4798-bcdd-7c4477b6b9cf___GCREC_Bact.Sp 3214.JPG,753,demo-random-seed42
eded37cb-c3b5-4b5b-be22-cc20aa142d24___GCREC_Bact.Sp 5677.JPG,658,demo-random-seed42
ee328e30-524c-4bcd-86f2-e9facfa6c5ae___GCREC_Bact.Sp 6002.JPG,643,demo-random-seed42
ee5192e5-c7fc-402f-ac78-6ae93fd85032___GCREC_Bact.Sp 3323.JPG,2377,demo-random-seed42
ee6e4597-cc98-4966-a9e9-bd6a4a76ea97___GCREC_Bact.Sp 3491.JPG,1441,demo-random-seed42
ee6fafa1-2ab6-43c1-83fe-082b265e64f5___GCREC_Bact.Sp 2964.JPG,1176,demo-random-seed42
eeae17c8-445e-4116-8329-48397093073a___GCREC_Bact.Sp 3459.JPG,2505,demo-random-seed42
eed063ad-2337-413d-95be-3598f7a15942___GCREC_Bact.Sp 5663.JPG,1561,demo-random-seed42
eef753ba-cf26-427c-90f7-1ec9daf6afe8___GCREC_Bact.Sp 3383.JPG,2353,demo-random-seed42
ef19f124-1670-4f3f-a164-7057c6a33c39___GCREC_Bact.Sp 3104.JPG,2548,demo-random-seed42
ef201af2-bb22-4c9f-bbdd-d6258f215cf6___UF.GRC_BS_Lab Leaf 1112.JPG,205,demo-random-seed42
ef20a397-2057-4f88-888b-9325bd16404a___GCREC_Bact.Sp 3280.JPG,935,demo-random-seed42
ef238437-be93-46f4-a67d-124949f847f6___GCREC_Bact.Sp 3798.JPG,1899,demo-random-seed42
ef588b6e-ce90-4648-b1a4-990dc7dca22d___UF.GRC_BS_Lab Leaf 9288.JPG,2104,demo-random-seed42
ef71eeaa-1a9c-41f6-8cbe-394a441b3f0c___GCREC_Bact.Sp 3507.JPG,384,demo-random-seed42
efce769f-3228-490a-b442-58a67d2ce349___GCREC_Bact.Sp 5868.JPG,824,demo-random-seed42
efd6193d-7d5b-4207-999d-2aeb08cd64e2___GCREC_Bact.Sp 5739.JPG,1418,demo-random-seed42
eff1524b-0ce8-40b6-8d87-d30fb1beb80d___GCREC_Bact.Sp 5836.JPG,2068,demo-random-seed42
f0256cb3-6072-453f-9230-2ab16c2db646___GCREC_Bact.Sp 6303.JPG,292,demo-random-seed42
f04fd2e9-8aef-423f-8c47-42e179092bad___GCREC_Bact.Sp 3679.JPG,1554,demo-random-seed42
f05d6f9e-357a-47a5-acf1-fc79d4417b96___GCREC_Bact.Sp 5636.JPG,767,demo-random-seed42
f073c2a6-ac26-49d4-a76d-049abbdb2cfa___GCREC_Bact.Sp 3067.JPG,559,demo-random-seed42
f0765e3f-e21f-4b0f-ae02-0ac9de9cfb0e___GCREC_Bact.Sp 3825.JPG,1333,demo-random-seed42
f0c8170c-0da6-402b-b1da-1a9978bd6787___GCREC_Bact.Sp 6137.JPG,1071,demo-random-seed42
f0ca9507-49d2-4f37-8006-a954cdfe5759___GCREC_Bact.Sp 5584.JPG,1645,demo-random-seed42
f0f7740b-f202-4119-9d9c-b187fe33829a___GCREC_Bact.Sp 3247.JPG,822,demo-random-seed42
f103eb02-d5b1-4601-8de4-674286ee8a6c___GCREC_Bact.Sp 6129.JPG,2130,demo-random-seed42
f1164b16-0b05-413e-be8d-79d85901e34b___GCREC_Bact.Sp 3443.JPG,202,demo-random-seed42
f144a9b5-bdbb-48ca-a454-4885137f805a___GCREC_Bact.Sp 3629.JPG,2230,demo-random-seed42
f14581e5-cc67-403d-a4f3-7f0be31b4899___GCREC_Bact.Sp 3497.JPG,77,demo-random-seed42
f14c5648-4fde-4e6c-8937-6fb2e33aa95f___GCREC_Bact.Sp 5666.JPG,1904,demo-random-seed42
f15cec7f-fe4f-4837-a3f0-1ec2bceaa10d___UF.GRC_BS_Lab Leaf 0226.JPG,896,demo-random-seed42
f16c8cc2-693b-4050-bbf6-686973becdad___GCREC_Bact.Sp 3780.JPG,992,demo-random-seed42
f16e39a5-a50c-4378-a4f1-fe8f3aecf2cb___GCREC_Bact.Sp 3644.JPG,49,demo-random-seed42
f1882d7d-3cd9-44fe-a1ea-a114fc462059___GCREC_Bact.Sp 3862.JPG,1817,demo-random-seed42
f1984cc1-26df-40dc-abf2-9bbd9b879b37___GCREC_Bact.Sp 6141.JPG,428,demo-random-seed42
f1cd9194-f7ea-41c0-bfba-9b9e30c52ec7___GCREC_Bact.Sp 5938.JPG,1705,demo-random-seed42
f1dcec88-9f21-46c4-b60e-a6fe1a445d55___GCREC_Bact.Sp 3666.JPG,1876,demo-random-seed42
f1f7f16d-7794-4ac9-9962-32a5320d38fd___GCREC_Bact.Sp 6234.JPG,2187,demo-random-seed42
f21dbfc9-1b65-4407-808b-55685784bd19___GCREC_Bact.Sp 3138.JPG,1832,demo-random-seed42
f248467c-ef23-484b-99d3-019559f58f4d___UF.GRC_BS_Lab Leaf 0407.JPG,780,demo-random-seed42
f24c87bb-3965-435e-b189-0f9c924f9015___GCREC_Bact.Sp 3741.JPG,1911,demo-random-seed42
f2862b49-bab8-4d3e-abc3-0816c0f0010e___GCREC_Bact.Sp 6311.JPG,2137,demo-random-seed42
f295d002-ba3b-45f4-ad4d-44ecf10afbf7___GCREC_Bact.Sp 5820.JPG,820,demo-random-seed42
f2be2ee6-efba-4854-89b1-32eb0e7e6974___GCREC_Bact.Sp 5993.JPG,321,demo-random-seed42
f2cd6d62-01d1-4396-99f7-af3137a3bdc0___GCREC_Bact.Sp 5890.JPG,2303,demo-random-seed42
f2cfc53d-a165-47d5-a9ac-6877e52a97b6___GCREC_Bact.Sp 3804.JPG,382,demo-random-seed42
f2ea99a2-3e21-45ff-adf0-b7cfdd955d68___GCREC_Bact.Sp 5959.JPG,1536,demo-random-seed42
f2f807a2-8777-4a1f-a33b-d1826d9d36c8___GCREC_Bact.Sp 3786.JPG,611,demo-random-seed42
f2fbcaa9-66a4-4937-a531-bfbe1a8956d1___GCREC_Bact.Sp 6091.JPG,326,demo-random-seed42
f310847c-4d60-4212-babd-43d216cc8f88___UF.GRC_BS_Lab Leaf 0998.JPG,2009,demo-random-seed42
f321fdc4-0b37-4f12-bf76-30af4c54a573___UF.GRC_BS_Lab Leaf 9227.JPG,371,demo-random-seed42
f3254462-bebf-48bc-84ce-93f88fddefe4___GCREC_Bact.Sp 6302.JPG,1734,demo-random-seed42
f332d822-2557-42ee-ba97-c62cafcc5c29___GCREC_Bact.Sp 3172.JPG,1793,demo-random-seed42
f3590208-3be1-4b32-accd-464e58950119___GCREC_Bact.Sp 3481.JPG,155,demo-random-seed42
f35d15fe-0e89-45a0-b2c2-81bbc6173915___GCREC_Bact.Sp 3766.JPG,447,demo-random-seed42
f397204f-2465-47a8-8ec2-45cdf8fdfc5d___GCREC_Bact.Sp 3692.JPG,2055,demo-random-seed42
f3973c52-56d8-49e7-aded-746189374eb8___GCREC_Bact.Sp 3242.JPG,1312,demo-random-seed42
f3ba91af-7c1d-48a6-806b-1ea9235dc39d___UF.GRC_BS_Lab Leaf 8794.JPG,314,demo-random-seed42
f3bbf9c8-06fd-4f1e-930a-f576c0fbc06d___GCREC_Bact.Sp 3717.JPG,2566,demo-random-seed42
f3e3d426-cf23-4157-90e2-95a0442ef83f___GCREC_Bact.Sp 3041.JPG,685,demo-random-seed42
f3febe3a-8dfb-442c-a227-8c77d63e7252___GCREC_Bact.Sp 5823.JPG,10,demo-random-seed42
f44c58b0-4d48-4b8b-b812-e472d2737998___GCREC_Bact.Sp 5553.JPG,2391,demo-random-seed42
f4f094d0-b879-4352-adf1-c9f9b8303881___GCREC_Bact.Sp 3539.JPG,42,demo-random-seed42
f510ac20-c0b4-4369-995a-08388b9103cc___GCREC_Bact.Sp 6074.JPG,1432,demo-random-seed42
f5142872-5e4b-4038-b4fd-b38c4097e5aa___GCREC_Bact.Sp 5679.JPG,2570,demo-random-seed42
f53766e3-96bc-469d-b566-929bfd1ca4de___GCREC_Bact.Sp 3442.JPG,1495,demo-random-seed42
f53d3b8d-67ba-4a9c-b7f7-712291cf9345___UF.GRC_BS_Lab Leaf 0345.JPG,1513,demo-random-seed42
f572deb6-a393-421c-a9bc-90a53193e1a1___GCREC_Bact.Sp 3684.JPG,1004,demo-random-seed42
f58a3d12-29e7-4f43-a189-fa80df8f8e72___GCREC_Bact.Sp 5691.JPG,328,demo-random-seed42
f5976cc5-521a-43c4-97ee-3abfdbb96ae9___GCREC_Bact.Sp 5725.JPG,1482,demo-random-seed42
f5ac235b-3d9c-46a8-9e0a-750423e067bb___GCREC_Bact.Sp 6291.JPG,2322,demo-random-seed42
f5d65946-2c64-4de0-8769-ec32c6d8ee0c___GCREC_Bact.Sp 6168.JPG,235,demo-random-seed42
f6084490-18e3-489a-9144-4584db9c1d38___GCREC_Bact.Sp 3049.JPG,2278,demo-random-seed42
f666c0a8-9564-43af-aa93-14192a43816c___GCREC_Bact.Sp 5673.JPG,1074,demo-random-seed42
f67df1b4-1b28-48c4-96cb-1c31d3ce7e66___UF.GRC_BS_Lab Leaf 0368.JPG,1387,demo-random-seed42
f69eb99b-2cf8-4fb1-abea-b1bad4d9dad8___GCREC_Bact.Sp 6151.JPG,428,demo-random-seed42
f6bb2bc6-ce10-4b4c-a02d-5540bb42fae6___GCREC_Bact.Sp 3439.JPG,1609,demo-random-seed42
f790b5c0-15b7-4adc-916f-fd4add9a72dd___GCREC_Bact.Sp 3128.JPG,471,demo-random-seed42
f7964e03-1651-4a72-8f28-be8626513372___GCREC_Bact.Sp 5591.JPG,707,demo-random-seed42
f7b14a90-c29b-49b5-8d7e-ec982b44b268___UF.GRC_BS_Lab Leaf 0994.JPG,1867,demo-random-seed42
f82504ab-2205-4b5e-968f-225eff5b22fb___GCREC_Bact.Sp 3705.JPG,130,demo-random-seed42
f834fa07-fd63-4ff6-8a17-e13c02ac4878___GCREC_Bact.Sp 5693.JPG,1157,demo-random-seed42
f83e2dfd-ffd2-4da7-ba80-7a18bfdb9bc9___GCREC_Bact.Sp 3485.JPG,1538,demo-random-seed42
f848e0cd-2447-4b8f-8467-4e14f4d20e83___GCREC_Bact.Sp 6140.JPG,341,demo-random-seed42
f8612abc-7408-451f-b6b8-89561d679bd0___GCREC_Bact.Sp 2997.JPG,762,demo-random-seed42
f880355a-9e96-41a3-9e66-79d498dc6d61___GCREC_Bact.Sp 3823.JPG,888,demo-random-seed42
f8837b91-daf0-458c-b997-02839c828d99___GCREC_Bact.Sp 3248.JPG,1717,demo-random-seed42
f88ed2e0-d8ed-475e-b96a-09b22cf56684___GCREC_Bact.Sp 3357.JPG,2527,demo-random-seed42
f8c5fd52-52f4-4dca-aed6-171813775027___GCREC_Bact.Sp 3036.JPG,2164,demo-random-seed42
f8d0bd35-6d9b-4228-b1a0-d47e1ce3ec5f___GCREC_Bact.Sp 5624.JPG,491,demo-random-seed42
f8efccbd-9721-4291-a095-9fb29527bbc4___UF.GRC_BS_Lab Leaf 0235.JPG,46,demo-random-seed42
f9299ed5-ac75-4849-a8b0-1e1b6c9d3097___GCREC_Bact.Sp 3241.JPG,134,demo-random-seed42
f92bb674-d3ff-480e-aa28-53d227491d95___GCREC_Bact.Sp 5949.JPG,1541,demo-random-seed42
f935f26b-8e70-4694-b61b-0d6a8a60487e___UF.GRC_BS_Lab Leaf 8929.JPG,404,demo-random-seed42
f9fc3cdb-7205-4898-ae4d-0125ffab1066___GCREC_Bact.Sp 5917.JPG,598,demo-random-seed42
fa0a336a-ddda-4571-9fad-d0331280640a___GCREC_Bact.Sp 3845.JPG,2193,demo-random-seed42
fa3f0b33-f0a0-4625-b7c9-135bea953d91___GCREC_Bact.Sp 6028.JPG,2261,demo-random-seed42
fa416dda-9685-490c-ad69-e857e205b1fb___GCREC_Bact.Sp 6181.JPG,2171,demo-random-seed42
fa70414b-4b11-43b7-a335-f73714c4894e___GCREC_Bact.Sp 3211.JPG,656,demo-random-seed42
fa7ce242-fd51-411b-87bd-9b87cb734c47___GCREC_Bact.Sp 6387.JPG,1603,demo-random-seed42
faabf678-fe6e-48a5-b864-57f83ac33aa2___GCREC_Bact.Sp 3187.JPG,1580,demo-random-seed42
fac7526f-f9b4-439f-a158-48f8f04ccd4a___GCREC_Bact.Sp 6250.JPG,479,demo-random-seed42
face0e7f-6173-456e-9ee5-973aedb41c3b___GCREC_Bact.Sp 3493.JPG,1432,demo-random-seed42
fad2f68e-4496-4c7b-9c87-20b2aa8c53f7___UF.GRC_BS_Lab Leaf 0530.JPG,1359,demo-random-seed42
fae0cb2c-797d-49d8-820a-52ccd350f8fd___UF.GRC_BS_Lab Leaf 0394.JPG,1025,demo-random-seed42
fae0f0ee-3a9a-403f-b95f-97caa0efaabd___GCREC_Bact.Sp 5615.JPG,1945,demo-random-seed42
fb10d9a2-d1f8-4ab7-bf12-986bceb83064___GCREC_Bact.Sp 5720.JPG,1753,demo-random-seed42
fb160354-fa8d-4833-8a3a-acd8507dd9de___GCREC_Bact.Sp 3334.JPG,1378,demo-random-seed42
fb255876-e618-43a7-ad17-7b200039dbde___UF.GRC_BS_Lab Leaf 0614.JPG,1878,demo-random-seed42
fb25aff6-5c78-42d9-b9af-9181811ac18b___GCREC_Bact.Sp 5788.JPG,1974,demo-random-seed42
fb565b6a-8b9b-4f84-8436-b593df56c452___GCREC_Bact.Sp 5863.JPG,1467,demo-random-seed42
fb703e38-2ea0-468f-9958-0f88be8e1fb0___GCREC_Bact.Sp 3126.JPG,692,demo-random-seed42
fb9fb5cb-e187-481c-99ea-07b11c0936bd___GCREC_Bact.Sp 3320.JPG,1962,demo-random-seed42
fbae79e4-5907-44e2-b249-68e0643f1a21___UF.GRC_BS_Lab Leaf 0330.JPG,1857,demo-random-seed42
fbcddd00-575a-4569-9e41-5a73dda710f9___GCREC_Bact.Sp 3768.JPG,2545,demo-random-seed42
fc1e1857-486c-485e-b9b4-4d1cf6ccb3b7___GCREC_Bact.Sp 6185.JPG,387,demo-random-seed42
fc48610a-675f-4fdf-998d-5d877c909550___GCREC_Bact.Sp 2959.JPG,1085,demo-random-seed42
fc594562-7b84-4049-8095-7e23b7ecba2f___GCREC_Bact.Sp 5910.JPG,2391,demo-random-seed42
fc6a1ebf-65e5-45f1-be33-1f2bd3dc4d71___GCREC_Bact.Sp 3511.JPG,1331,demo-random-seed42
fc6a6a03-757b-4549-8c2e-194141456f60___GCREC_Bact.Sp 6252.JPG,2439,demo-random-seed42
fca8f33c-6416-4ef3-91e8-8ea21346f242___GCREC_Bact.Sp 3018.JPG,32,demo-random-seed42
fd0edb16-764c-4f1d-8425-d7f67f7564c2___UF.GRC_BS_Lab Leaf 9084.JPG,91,demo-random-seed42
fd39fa01-b5c6-443d-a5f8-5e6edee2fdf8___GCREC_Bact.Sp 3154.JPG,2060,demo-random-seed42
fd3a25ef-50f2-4ca2-a20d-d0a99bcbae13___GCREC_Bact.Sp 6394.JPG,927,demo-random-seed42
fd3e89ea-d6f8-4544-8aa5-ec27578a0a7b___GCREC_Bact.Sp 3788.JPG,1346,demo-random-seed42
fd98f535-7c9d-497c-8d77-3f12d0dc85bb___GCREC_Bact.Sp 3243.JPG,1107,demo-random-seed42
fdcb5a83-89e0-4d50-9460-28f36237e91d___GCREC_Bact.Sp 5742.JPG,1055,demo-random-seed42
fdd0012a-bf6a-4c3f-83b7-8e11a58f69d4___GCREC_Bact.Sp 6285.JPG,2431,demo-random-seed42
fddcff1d-8349-4653-a34f-e455228bdbca___GCREC_Bact.Sp 6310.JPG,243,demo-random-seed42
fe217957-9c9c-4913-a78a-9d7928aa31f2___GCREC_Bact.Sp 3787.JPG,1998,demo-random-seed42
fe5de322-e644-44d7-9492-86cc6ed022b5___UF.GRC_BS_Lab Leaf 9072.JPG,2302,demo-random-seed42
fe95468b-717b-4a28-ba8d-dfb156a93a0e___GCREC_Bact.Sp 6216.JPG,1701,demo-random-seed42
fe9f6122-ab3f-46bb-b9db-fee295881270___GCREC_Bact.Sp 6341.JPG,1022,demo-random-seed42
fea5289e-4a3a-4891-bbcc-fb38b75a23f9___UF.GRC_BS_Lab Leaf 1164.JPG,414,demo-random-seed42
feff1503-fc62-4ea6-ac5b-e8b7448ad5e4___GCREC_Bact.Sp 3203.JPG,1766,demo-random-seed42
ff07f986-68db-49c2-9664-d154c2606228___UF.GRC_BS_Lab Leaf 0254.JPG,1213,demo-random-seed42
ff33b13d-9611-4c3e-bec9-a628055932b9___GCREC_Bact.Sp 3309.JPG,386,demo-random-seed42
ffabbe39-4939-414b-af91-825f80fa4d4a___UF.GRC_BS_Lab Leaf 0870.JPG,930,demo-random-seed42
ffb47323-2c7d-48ea-9c39-25a97e37d548___GCREC_Bact.Sp 3614.JPG,2488,demo-random-seed42
ffbff5e5-6c0a-4005-9974-1cb6ac61b4c9___UF.GRC_BS_Lab Leaf 1108.JPG,686,demo-random-seed42
ffcf0c9e-f932-4836-b160-47277fbe124c___GCREC_Bact.Sp 3776.JPG,461,demo-random-seed42
